category,rating,label,text
Tools_and_Home_Improvement_5,4.0,1,"It works well with my old ones, as long as you keep your hands on the handle and the other two fingers on the front of the switch."
Clothing_Shoes_and_Jewelry_5,4.0,1,"Just like most clothing items, it is wide and comfortable.  I am a 40 year old.  I am very happy with the product and the quality.  I would definitely recommend this product.  It is a good value for the money.I bought this for my husband for his birthday.  He liked it and it fit him great.  He is a size 10-11 and was quite surprised with the quality.  He wears a 9 and a size 10 so I ordered a 9 in this one.  It is a little too large for him, but it fits him great.  I am a size 10 so I ordered a 9.5 and it fits him just fine.  He looks great in it.I loved these shoes. They are comfortable, fit perfectly and are very warm. I have a very small foot so I have to wear socks. I wear a size 6 and these fit perfectly. I will order a size 7 if I can find a size 6. The material is good. The material is very soft and comfortable. I wear a size 10 in these shoes and they are very comfortable. The material is very soft and comfortable. I have never had a pair of these shoes but they are very comfortable and I have a little sore feet and these shoes are"
Sports_and_Outdoors_5,4.0,0,"I went with the 30 minn kota for my 14 ft flat bottom, trying to save a little money. The small motor does decent.... your not going anywhere in a hurry, lol. Also, if it is pretty windy, you are going to struggle, I took this motor to land between the lakes, and tried to use it to move around the main banks on a very windy ""white cap day""...... it worked okay. if your trying to move towards the direction the wind is coming from, you may have some issues. I have used this little motor on 3 different boats, my 14 ft flat bottom, a 12 ft flat bottom we rented (10HP max lake), and a 10 ft v bottom. It works about the same on all 3, the small 10 footer is a heavy boat, maybe even heavier than my 14 ft.

Bottom line, it will do the job. It will move you around coves, or even across small, not so windy channels. BUT.... if you can afford to spend another 65 bucks, just buy the 40 LBS, I can promise you, you will be happier with it. Not saying Im not happy with this small motor, but I do wish I had the extra 10 ft LBS for windy days, or rivers with a swifter current. If you cant afford the other one, or refuse to wait any longer and saye up (like I did.... lol, couldn't wait), buy this one. Like I said, small boats, calm lake, you will get around pretty good. On a river, stronger current, or a windy day.... not so much. Hope this helps someone."
Tools_and_Home_Improvement_5,5.0,1,The tsticker is very hi-quality and the materials are good.  The only reason I
Kindle_Store_5,4.0,1,"As an up and coming author, I thought the book was a nice addition to the series. The story is told from the point of view of the heroine and the hero. I enjoyed that it was told in a way that I could read it. This was an excellent read.I loved this book. I was hooked from the very beginning. I loved it. I can't wait to read the next book in the series. I'm on my way to reading the next book.I read this book in one sitting, and I absolutely loved it! I was so excited to read this story. The characters were real, and the story flowed perfectly. I could not put it down, and I loved it! I couldn't put it down! I can't wait to see what happens next! I highly recommend this book to everyone!This was a great book. I liked the fact that it was not a stand alone but I will read the whole series. I can't wait for the next one.I liked this book but was frustrated with the characters.  The story was too long and rushed.  It was hard to"
Toys_and_Games_5,5.0,1,"the kiddos love this one.  It's a very sturdy set, and my son loves to play with it.  It's also a great size for the little ones to take in and out of the house. "
Pet_Supplies_5,5.0,0,"My big dog just goes crazy over this toy.  She will even flip it around and play all by herself, but mostly it is a retrieving toy.  There are 2 balls encased in the heavy nylon fabric, one is hollow and produces a squeaker noise that is loud and sounds like 3 different tones at once.  I really like this toy because it stands up to very hard tug games.  My dog isn't a chewer but I still pick it up and put it away after playtime just in case."
Kindle_Store_5,5.0,1,"The Before You series is a sweet, sweet, romantic read.  There is a strong female lead and an interesting plot.  The characters are well developed and the story is very moving.  The author does a great job of making the characters believable.  I recommend this series.This is a very good book. I read it in one sitting and it was a very enjoyable read. I just wish there was more to the story. The characters are all well developed and the story"
Pet_Supplies_5,4.0,0,"I purchased this and the Forever Litter Tray at the same time, so I can't say much about the costliness of buying new trays every time. I use Just the Crystals instead of the name-brand stuff. With my one cat (female, average to small sized), I can easily go two weeks without touching the box and not have odor issues. I could probably get a bit more usage out of it if I mixed the litter more often instead of never, but I tend to want to be near it as little as possible.

This box has huge benefits for me. I only have to think about litter around every two weeks, there are far fewer litter granules tracked around my house and they're less dusty. My one gripe so far is that it takes up quite a bit of room, though it's far less conspicuous than a litter robot.

My cat took to it fairly quickly. I'm not sure if it helped, but I put a little bit of her old litter brand under the crystals the first time I set it up. I haven't had trouble getting her to change brands in the past."
Movies_and_TV_5,2.0,1,"I was hoping for a better movie, but it just wasn't. The movie just doesn't move along. The movie moves along and then the fight between the two leads is cut off. The movie just isn't interesting. I don't think it was worth the money. The movie just doesn't have a story."
Toys_and_Games_5,5.0,0,"Purchased as a gift for 8 y.o. boy--he loved it and shares it with his 6 y.o. brother
Rather easy and straightforward assembly by their dad
Quick delivery---Easel is everything promised---Recommend--Would buy it again!!!"
Pet_Supplies_5,4.0,0,"Crate was delivered promptly and packaging was in good condition.  The plastic pan is good quality and it was in good condition.  The only issues that I saw are the number of doors and the thickness of the wire cage.  The fact that this cage only has two door eliminates you being able to put two pups in or take two pups out of the kennel with ease.  You would have to remove the center divider.  The other potential issue is the lightweight gauge steel that the kennel is made out of.  Our two GSD pups get excited when we come home and jump on the kennel walls.  The walls are flex enough that the pups can actually open the side door when they jump on it.  For the price point though, this kennel was a really good deal."
Pet_Supplies_5,1.0,0,"Worked well on my medium haired cat at first, but after a couple of months the metal pins have bent a bit and the cat started to cry when being brushed -- when I test against my hand I can feel that the pins were hurting her. Not a good use of money. I'm using a grooming glove in combination with a bristle brush now and she tolerates brushing much better. Not recommended -- don't stab your cat's skin!"
Toys_and_Games_5,5.0,1,"Great for charging more than one battery, the only thing I didn't like is the tiny one."
Sports_and_Outdoors_5,5.0,1,"This thing is super bright and has the ability to brighten up your night vision. I'm using it for range-finding. I bought the Taurus MBR 4-inch with a 50"" barrel and it's perfect for me. This is my first attempt at shooting with this scope. I have a 23"" barrel and can't wait to try out the scope."
Movies_and_TV_5,4.0,0,"Directed by Burt Reynolds, with a local boy's eye for interesting locations, this has to be one of the better Elmore Leonard adaptations. A slightly grim tone adds realism. Cast: Charles Durning, Candice Bergman, George Segal, Burt and many other recognisable faces. Every character has something to offer to the involving storeyline. Good work by all. Dar Robinson...one of the stuntmen elite at the time, plays an albino gangster, and does a groundbreaking stunt at the end of this film. Good toughguy Burt action. Enjoyable and well done."
Pet_Supplies_5,5.0,0,"This worked great with a cat who gobbled and then vomited. She was vomiting every day unless I gave her and her littermate meals in four ""courses"", twice a day and this let me cut down to two courses. She still vomited occasionally, but not more than a couple of times a month. It did not let me put food in all at once, but I was feeding two cats at once in the bowl, so I think if I was feeding only one it would have let me put all of her food in, twice a day."
Home_and_Kitchen_5,5.0,0,"Love these sheets!  This makes my 2nd purchase.  Soft, wrinkle free, and keeps me cooler at night!"
Tools_and_Home_Improvement_5,4.0,1,"It's nice, seems the same as a professional quality saw. works great. Nice little light."
Tools_and_Home_Improvement_5,4.0,0,"This is the third generation of this device and each has been better than the last.  As you lengthen the measuring tape, the measurement displays on screen. Tap a button to save. Or convert measurements quickly (from fractions to decimals, or inches to centimeters, for example) and calculate midpoints (great for helping to hang a picture). And no need to bend the tape when measuring into a cornerjust select the  back of the device as the starting point.

However, I keep wondering what will happen if I drop this on the floor and that is the only reason I did not give it 5 stars.  I don't want to test that out and have mine malfunction."
Kindle_Store_5,4.0,0,"I received this ARC from the publisher via netgally I got to say I enjoyed this book so much that I'm going to purchase the previous series that are connected with the Fireside Inn . When Miles Harrington asked his 3 best friends Leo, Cooper and Zane to be  groomsmen in his weeding which will take place in Sanctuary Island , and give each of them an specific task for the wedding they were all shocked , not only that he also bet they will find love and their lives will be change forever in Sanctuary Island . Leo a very handsome British aristocrat  who thanks to always quoting from Plays was giving the task to find a poem to read at the wedding . But Leo has been hiding a secret since he was a little boy .. Dyslexia ... with uncaring parents he was never diagnosed and treated , so when he got to the Island he stopped at the library where he meet Serena the head librarian ... Oohhhh , sparks fly , lust was felt from head to toes, so, he did what any other panty melting hot billionaire would do ... He enlisted her help  in exchange for a donation which will keep the library open for another year ... He also told her he was going to seduce her , and seduced her he did !  I enjoyed reading how this two overcome miscommunication and fall head over heels in love . Fireside Inn is well written it will suck you in from beginning to end and you will love it . I can't wait to see who will fall in love in the next book of the Billionaires Bachelors ."
Kindle_Store_5,4.0,1,"This series is very well written. The characters are well developed and the story is well told. The story is well-written. The characters are well-developed and the story is well-written. I look forward to reading more from this author.This was an excellent read. The characters were strong, likable, and the story line was great. I would recommend this book to anyone who is looking for a fun, steamy read.I enjoyed this book. I love how the"
Clothing_Shoes_and_Jewelry_5,2.0,0,"Unfortunately, this order was too small. It was labeled as being W38"" X L32"", which is what I do need, but they felt like these were 36"" waist, which means that I need instead a 40"" waist. This means that I have to return these and I have no way of knowing how to do this. The style of the pants were good, though."
Home_and_Kitchen_5,4.0,1,Seller packed it wonderfully.  We have had it for a few months now and it's been awesome.  The only thing I don't like is that the plastic lid slides off when it's opened.  It's not a big deal for me.I bought this to replace a broken one I bought a year ago.
Sports_and_Outdoors_5,2.0,0,Orange side shows through a little.  Would not buy again.  Should have bought the single sided version.
Movies_and_TV_5,5.0,0,It is very entertaining and has a wonderful message at the end. It has a great wild west ending. I have watched it several times... Good adult entertainment.
Kindle_Store_5,4.0,0,Interesting structure of writing.  It spanned four generations in few pages.  Some sadness.  It a good that when there's life there's hope.  Joan should not have given up'
Clothing_Shoes_and_Jewelry_5,3.0,0,"Seems fitted for Asian physiques.  If proportions are correct for arm length and shoulders, chest is too tight.  Torso length is also short.  Otherwise I like the jacket."
Books_5,4.0,1,I thoroughly enjoyed reading this book. The characters were well developed and the plot was well written. The story was well-
Sports_and_Outdoors_5,5.0,1,"I saw this at a local sporting goods store and decided to purchase it for my daughter. It is so small that it is a must have for her. She is very large and it is a little difficult to carry in her backpack. This is an excellent product and should last long enough to keep her happy. I would recommend this product to anyone who wants to carry a gun safely in a backpack. These are great for putting on some goggles. They're not super tight, but they don't fog up the face. I'm very happy with them. I'm 5'11"" and weigh 165 lbs. They're a little too big for me to wear on my face, but they're well worth the money. Great product, great price. I've had no problems with them slipping or sliding. My only complaint is that I haven't had any issues with them on my bike."
Sports_and_Outdoors_5,5.0,0,"Not sure what to say about this lantern that hasn't already been said. It floats, it has multiple lighting options, it hangs, you can take off the cover for direct lighting, it has a red mode and it just plain works. I've used it in the rain, in the water, in temperatures below 0F and in tropical locales. This sure gives my gas lamps a run for the money. I just can't say enough good things about this tough lantern. Its survived a 5 foot drop on the ground, being covered in snow and even a fall in the water. Not to mention all the sand and dirt and crap that goes with that. And it still works.

I use enloop AA's with C adapters and thats one less battery type I gotta bring with me."
Sports_and_Outdoors_5,5.0,1,Easy to use and great for an emergency.  I've also used this for a few hours.
Movies_and_TV_5,5.0,1,"I have loved this movie, it is an interesting and good history.

The movie has a lot of heart and is very informative.  The music is great.  The movie is very well"
Pet_Supplies_5,5.0,0,Great size mat and does not slip on the floor. Does exactly what we bought it for.
Kindle_Store_5,2.0,1,"Grief, friendship bordering on love, and an amazing story line. I will definitely be reading the next one.I read this book in the last few days and have"
Sports_and_Outdoors_5,5.0,0,"I layered this flooring over top my carpet flooring in the basement for my squat rack, weight tree, and other equipment. Works really well and stays snapped together despite the carpet."
Kindle_Store_5,3.0,1,it was OK gould have been an easy read.  I will admit that I was a bit
Clothing_Shoes_and_Jewelry_5,5.0,1,"These are soft and very comfortable. The only problem is that they are kind of small. If you have a small body, you may want to get the large size. They do run small. They are still very comfortable."
Electronics_5,4.0,1,"I like this case a lot. The design is comfortable and it fits my iPad perfectly. The extra space is great. The front of the case is the perfect size to take it with you when traveling. It is a good size for travel. I would recommend this to anyone. I bought this to replace the battery on my phone, which had a faulty one. After a few days of use, the battery died. I'm considering purchasing another one. This is a great product for the price."
Clothing_Shoes_and_Jewelry_5,5.0,1,I bought this for a Halloween costume and it was just what I wanted! It's a pretty dress
Books_5,4.0,1,"The entertaining story of a woman who is an alcoholic and has a history of alcohol abuse.  The story is told from the perspective of a woman who is a ""good"" alcoholic and is taking a course in alcohol abuse.  The story is told from the perspective of a woman who is a ""bad"" alcoholic and is taking a course in alcohol abuse.  The story is told from the perspective of a woman who is a ""good"" alcoholic and is taking a course in alcohol abuse.  The story is told from the perspective of a woman who is a ""bad"" alcoholic and is taking a course"
Books_5,5.0,0,"As with all the ""I'll read to you, You read to me"" books, these are GREAT for parent-child reading at home, or peer reading at school.  I've used them with 1st - 4th graders to build fluency.  They never seem to tire of practicing!"
Sports_and_Outdoors_5,5.0,1,"I bought the black version and it is the best. I will keep this in the car and use it when I go hunting. The only negative is the plastic part. The plastic part is just a little hard to get on and off. I wish it was stronger.The pump does not work as well as I expected.  I have had to replace it with a new one.  I just went with the old pump.  The new pump works great.This is a great tool for camping or backpacking. The mount is very secure, and it is well built. This tool is super lightweight and easy to use. The mount is not too big, and it is easy to use. I would definitely recommend this to any camping friends or family.This is an awesome product and I was very impressed with the quality of the product. I'm happy with my purchase.Works great on my Trek saddle. I have the 4 wheel version of this saddle, and the saddle is a bit of a pain to get on, but it is a great product. I wear this saddle daily, and have not had any issues with it. I would recommend this saddle for anyone.This is a very nice bike.  I was looking for something that I could ride on, but I just didn't like the size.  The fact that it had a small wheel makes it very hard to ride, which is nice for a child.  It is very lightweight, and I would definitely recommend it for a beginner bike rider."
Toys_and_Games_5,2.0,0,Just make sure you realize that this makeup is purely fake and not actual make up. That's all.
Tools_and_Home_Improvement_5,5.0,0,"I needed to replace my existing Malibu driveway lights, they had become broken not working and mainly a pain to upkeep. When I received the Moonrays I thought there were parts missing from the box because of the way other lights had to be connected. After reading the instructions and seeing the parts and how they connect, I thought it was pure genius, so easy to connect the light fixture to the wire compared to the messy and bulky way the other brand did. I did notice the second one I connected didn't get pierced correctly so I skimmed a little of the insulation off the wire just where it should touch the piercing pins after that connecting them was a breeze and a pleasure. I figured some college educated engineer figured this new connection design would use more wire and thus the company could make more money. I like the way you can use them on a deck, patio or stake them in the ground. Any idiot that would leave the transformer on while connecting any electrical product should have his head examined. I needed more wire to span my driveway and 14/2 from Amazon works fine and is twenty cents per foot cheaper then HD & L's. Moonrays 11604 Cable Connectors for Low Voltage Landscape Lighting are the best I've ever used for splicing additional wire to the included system. They allow no cutting and stripping of wire ends and each one has a slot for 18g, 16g. and 14gauge wire so joining wire of different gauges was a very easy task. I just installed the system today so I don't have any history with the transformer, but I'm not thrilled about having the lights stay on all night and morning. I usually use timed transformers and shut the lights off at 1AM. I'll more than likely change them out after a week or so. No need to fill FPL's coffers any more than I have to. Oh and I know the price of the whole 10 light system is the best anywhere at Amazon."
Electronics_5,5.0,1,"I was a bit apprehensive about purchasing the case, but I did. The screen protector is a very sturdy piece of plastic, and it is the perfect size to hold it up to the elements. It is a good size, and it fits easily in my hand. It is a bit difficult to read the screen, but the screen protector is very easy to see. Overall, I am very happy with my purchase. It works great. This is a great product for the price. It works well, but I use it with my ipod and it does not work with my ipod. I have used it with a couple of my other ipod's, but I find it frustrating to have to push it into my ipod when it's not even there. It has a good little cable to pull in the ipod while it's in the case. It was very easy to install and works great. I would recommend this product. I bought this for my wife and she loves it. She has her own usb cable and it's so easy to use. She uses this for her computer and now she can use it with a usb cable. This is a great product. It is easy to use and does not seem to be a problem at all. It will work in your car if you have a lot of space. I bought this for my older iPad and it is perfect."
Tools_and_Home_Improvement_5,3.0,1,"I expected a lot more, but I thought it would be a nice addition to the tool box.

I had a lot of trouble with the box itself, so I decided to give it a try. It was a breeze to install. I had to use two screws to tighten the box to hold the screws. I did have to tighten the screws on the first day, but it was just a matter of installing the screws and not putting them in the box. I had to press the screws in"
Toys_and_Games_5,4.0,0,"Kids enjoyed building the toys, and had minimal frustrations, but there is little fun after the initial build.  It does not necessarily encourage free thinking and creativity nearly as much as other building toys, but it is a good starter set for that type of thinking.  After done, you are kind of stuck with two big toys that don't do much beyond standard toys that are already built.  Not knocking it really, but just how my kids work.  I think at this price, there should be more creative thinking."
Books_5,3.0,1,"Almost gave it 4 stars. I love the way this book is written, it's a pretty good story. I had to read it before I bought the book, so it was pretty easy to read. It's not a long book, it's about a boy and his mother. I love the way the story is told and it's very easy to relate to the characters. I love the ending, I love the characters, I love the story. I loved the way the story ended, I love the ending. I loved the way the story ended, I love the ending. I love the way the story ended, I love the ending. I love the ending, I love the ending. I love the ending, I love the ending. I love the ending. I love the ending. I love the ending. I love the ending. I love the ending. I love the ending. I love the ending. I love the ending. I love the ending. I love the ending. I love the ending. I love the ending. I love the ending."
Books_5,4.0,0,"Why you should read it: I love the idea behind parallel worlds, and Amy Nichols gives readers something even more interesting  we get to see the couples from both parallel worlds! While You Were Gone is the sequel to Now That You're Here, and in this installment we get to see the other Danny and Eevee. The author did a fantastic job in differentiating between the two Dannys and the two Eevees. I recommend this for any fan of parallel-universe stories and YA.

INTERVIEW WITH AMY NICHOLS

How was writing this version of Danny and Eevee?

Amy: Writing this Danny and Eevee was both challenging and rewarding. The first book gave me hints at who these parallel characters were, but I didn't really come to know them until working on the second or so draft of While You Were Gone. Eevee was more difficult to get a lock on than Danny. Once I understood her relationship with art, though, her part of the story came together. Danny I understood from the start, but I didn't anticipate how his story would affect me emotionally. He really broke my heart. At one point while writing I had to walk away from the computer and go have a good cry.

What would the other ""you"" be like?

Amy: I recently returned from The Schrodinger Sessions, a workshop in quantum physics for science-fiction writers put on by the Joint Quantum Institute at the University of Maryland, so right now I'm totally geeked out on science. I just know one of my parallel selves didn't get bored with science in high school, but rather pursued a career in it and is actively exploring all the weird and unexplained things about her universe.

Head over to the HEA blog to see the rest of the interview with Amy!"
Books_5,5.0,1,"The storyline has good character development and the characters are well developed.  There is a strong female lead and an interesting plot.  The characters are interesting, but not the same as the main characters. "
Clothing_Shoes_and_Jewelry_5,4.0,1,"I have extremely skinny calves, and these are the only ones I will wear for a long time. I will be buying more in the future. The fit is great, and I can't wait to wear them. I'm a size 10. 5 and they fit great. I love the straps and they look great. I can't wait to wear them for a long time!I bought these shoes for my wife and she loves them. She says they're comfortable, but they have a little saggy on her. I've had these for about a month now and she's been wearing them daily. She said they're soft and comfortable. She says they're comfortable, but I don't think they're comfortable at all. She said they're a bit snug on her foot, but she's happy with them. Love the design and the shoe. They look good on, but not as comfortable as the photo. Very nice looking. I ordered a size bigger than I normally wear and it fit perfect. The color is true to the picture and it's very bright. I'm very pleased with the purchase and I would recommend it. I'll be ordering more colors."
Clothing_Shoes_and_Jewelry_5,3.0,0,"It's a very cute dress but WAY too small. Yes, it is very stretchy & a thicker material, but I wish I got two sizes up instead of one. I'm a curvy size 10/12 and the XL was not big enough."
Home_and_Kitchen_5,5.0,1,A very study piece!  We have had the wooden part of the cup for a couple of years
Electronics_5,5.0,0,"It's basic 16 gauge speaker wire. Not super flexible, but not hard to work with, has a durable feel, and strips cleanly even with cheap stripers."
Clothing_Shoes_and_Jewelry_5,5.0,0,The on-line picture does not give these earrings any justice.  They are gorgeous and do not weigh heavy on the ear....very light.
Kindle_Store_5,4.0,0,I highly recommend Hooked! It's not your typical romance.  It's well written and gets you sucked in from the first page!
Movies_and_TV_5,4.0,0,"Actually, I liked the movie.  It's hokey and fun and clean.  Makes sense to me."
Electronics_5,5.0,0,"Can't give a true feed back for this as got it for my son, but he loves loves it updated for an older version he had a long time and it never let him down"
Electronics_5,4.0,0,"Good news! This not only works with PC and Mac, but also on my Linux. It paired immediately with the speakers I tried. The only drawback (and this isn't the fault of the dongle) was that I had to fiddle around a bit to find out how to select the external speakers rather than the default on-board speakers. So be advised: if you think it's not working, do check your output settings to be sure that it's not a problem with your default selection."
Pet_Supplies_5,5.0,1,"So adorable.  Small is perfect.  It's comfortable for my puppy, and the buckle fits"
Sports_and_Outdoors_5,5.0,1,"This is very good quality..very comfortable and the materials are good.  I have a large one.I bought this for a friend, and he is a big fan.  He has been using it for about 6 months now, and it is very comfortable and holds"
Tools_and_Home_Improvement_5,5.0,1,"I have had the Ridgid and Ridgid combo for a couple of months now and have not had a problem. The Ridgid has been around for a while now and it is still working well. The Ridgid has a very thin blade and it has a lot of power. The Ridgid has a good grip and the Ridgid is very comfortable. I would recommend the Ridgid over the Ridgid combo. This is a great tool for small jobs. It works well for small jobs. I'm not sure why I got it for this price, but it's definitely a good value. I've used this one to get around a ceiling fan on my garage. I don't know if it's the one that I've had since I was a kid, or the one that I used to use to get around the ceiling fan. It was very well made and was easy to install. It was easy to adjust the fan speed and the speed and the height of the fan. The height was easy to adjust, so you could adjust the height of the fan, the height of the fan and the height of the fan. It was easy to install and it was easy to adjust the height of the fan. I am pleased with the quality of this product. I have been using this light for years and it works great. It is pretty bright. It is a bit smaller than I had expected but it is great for small jobs. It is a little bulky but it's plenty bright for those small jobs. I have not used it for a lot of jobs yet but it is great for a small area where I can not use it."
Home_and_Kitchen_5,1.0,1,"The opener is awesome but,if you have the time, you can't beat this opener!Very pretty.I bought this for a friend, and she is a very tall woman. She is very happy with it. It looks good in her bed. I would recommend this to anyone.I bought this to put in my closet to keep things in the closet and it is a great quality. I love the colors, the colors are nice and strong. It is easy to clean and easy to wash.I bought this for a friend, she loves it, she loves it, she just loves it. She makes Christmas cookies. She said it was perfect for her. She said it is a little difficult to use, but it works great. I can use it for my family and for my family's room.I love this little bag. I have a small kitchen and my bag keeps food from drying"
Home_and_Kitchen_5,1.0,1,"EDIT: The seal failed after a couple of years, which is a shame because it's been one of the worst experiences I've had with a vacuum. The plastic part inside is very fragile and it's difficult to clean"
Home_and_Kitchen_5,3.0,1,"I am wheelchair bound. I use a wheelchair and it is a pain to turn it around.  I have two small hands and I am constantly going to have to use the wheel.  The wheel is a little smaller than I like, but it works.  I am happy with the quality of the product.

I did get a free item for review.I've had this for about a year now and I love it!  The color"
Tools_and_Home_Improvement_5,5.0,1,"These teardrop lights are so small and easy to program. I also love that they have a one-touch switch.  The light itself is very bright, and the motion sensor is pretty nice.  I have been using these in a rental shop for years and they still work great.  I have used them with a portable light, which is great for a small garage.  They are very easy to install and I highly recommend them to anyone who needs one.This is a great tool for small jobs. It works well for smaller jobs. I'm not sure why I got it for this price, but it's definitely a good value.I've used this one to get around a ceiling fan on my garage. I don't know if it's the one that I've had since I was a little kid, but it does look nice on my wall. It's well made and the only thing that bothers me is the fact that I've had it for a few months now. It's very easy to install.

It's a little hard to see it, but it does look nice on my wall. It's a nice solid piece of wood and I can't complain. It's a little more than I thought it would be, but it's not a problem"
Books_5,5.0,1,"I could barely put down this book and was very pleased with it.

The premise of the"
Toys_and_Games_5,5.0,1,They stick super well in the containers and the wooden pieces fit nicely on the shelves. I'm very pleased with the quality of the toy.  My son is 4 and he enjoys it so much that he plays with it every night.I bought this as a gift for my daughter for Christmas and she loves it!  I did have to write a review on it since it has already
Home_and_Kitchen_5,5.0,0,"After a total house remod was done I wanted to clean a few area rugs to get them looking decent prior to giving them away or selling them for a few bucks.  This particular area rug was kept in the house through tile removal dust, walls being torn down, construction workers, etc., it was filthy and I thought for sure it had stains that would not come out but boy was I wrong!  I could not believe how much dirt came out with this Hoover, much more than meets the eye so it definitely does a good deep cleaning.  I had to fill the water and solution containers and empty the extracted dirty water several times but it was worth the time and effort to get this rug clean, so much so that I've decided to keep this one as it almost looks new!  It's so nice to have a carpet cleaner in the house that I can just whip out when I have an extra hour to brighten up the rugs.  I always dreaded going to the store to rent one, lugging it home and back to the store when done.  This Hoover will pay for itself in a year.  In the first pic you can see how much cleaner the left strip of the rug is compared to the right side.  The 2nd pic was taken after I was done.
Pros:  It does a great job cleaning, better than I expected.  It's very easy to put together and use.  All the containers slip in and out of place with ease.  I like that the cord is not so long to where you have to carry it around or worry about it getting caught in the wheels.
Cons:  If your rugs are super dirty as this one was, be prepared to fill the water container and empty the dirty water many times.  This won't be an issue for maintenance once the first deep cleaning is done."
Tools_and_Home_Improvement_5,5.0,0,This is a great tarp. Not one of the cheap blue jobs you buy in most stores.
Home_and_Kitchen_5,5.0,0,"Most travel pillows Id previously used were simply okay; the THERMATEK HEATED TRAVEL PILLOW is one of the most relaxing, comfortable travel pillows Ive ever used.

WHAT IT IS:

- A U-shaped pillow that fits around the neck for support with the optional benefit of heat.

WHAT MAKES IT SO SPECIAL:

- Memory foam with a silky-soft/plush cover.  The memory-foam pad is somewhat firm and provides added comfort and support. Extremely comfortable/cozy and accommodates larger necks.  The pillow itself isn't tapered like most pillows, its slab-like thickness adds more support.

- There is a pocket/sleeve that accepts disposable heat packs.  This is an added benefit for those who are seeking a therapeutic angle to their travel pillow.  The pillow comes with 2 disposable heat packs; additional heat packs must be purchased separately.

I found this pillow to be quite luxurious and useful.  The pillow alone (no heat) is great to use when working at the computer, watching television, reading and travel.  The memory foam and plush cover make this pillow comfortable to use for longer periods than the other travel pillows Id previously tried.  While I like the soothing option of heat, the added cost of buying additional replacement heat packs must be considered (each pack generates about 8 hours of warmth) will temper my need for heat.  Heat or no heat, the THERMATECK HEATED TRAVEL PILLOW is wonderful."
Clothing_Shoes_and_Jewelry_5,3.0,0,They are cute but run small and narrow. You can't wear these shoes all day. Order a size up
Sports_and_Outdoors_5,4.0,1,Good cable and easy to use. The only problem is that it comes with a small screw that is
Movies_and_TV_5,4.0,0,".....""Does for bathtubs what Psycho did for showers"" ...that was the promo for this picture ...to compare this picture to Psycho is borderline sacrilege ...

.....Ford and Pfeiffer turn in good workmen-like performance but the flaw in this movie is in its slow moving plodding direction.  It is mysterious and spooky but spine tingling edge-of-the-seat suspenseful it is not.

.....Until the final scenes where Ford is exposed as a killer with a murder in his past does the movie exhibit any real tension but it takes a long time getting there and if you haven't fallen asleep by then you might enjoy this over hyped movie.

.....Fans with a foot fetish might enjoy the copious shots of Pfeiffer's bare feet."
Tools_and_Home_Improvement_5,4.0,1,Doesn't seal perfectly to the plastic. The only way to seal it is to use a seal
Pet_Supplies_5,4.0,0,"There are many hoof supplements and they tend to have very similar ingredients, but do vary.  This means that depending on exactly why your horse doesnt have top quality hooves, different supplements may work better for your particular horse.  Or, of course, if your horses hooves are of poor quality for a reason not related to nutrition, supplements may do nothing at all.

B vitamins, particularly biotin folic acid and Bs are important for the hoof.  According to the guaranteed analysis, this supplement only has biotin.  It does offer a high level of this, at 25 mg per serving.

Zinc and copper are the mineral supplements most likely to help hooves and this supplement offers them both.

A deficiency of particular amino acids can cause problems with the hooves.  The white line can deteriorate if there is a deficiency of methionine.  This supplement is high in protein and does offer methionine.  However, several other hoof supplements offer more methionine, so if your horse has issues with his white line, take a look at Hooflex Hoof Builder or Farriers Formula Double Strength.

Hooves need both omega 3 and omega 6 fatty acids and this offers both, though twice as much 6 and 3, so this isn't the greatest supplement for omega-3 fatty acids, though you can buy those as a separate supplement.

Nearly all of the nutrients important to hoof health are also important to coat quality, so if your horse is lacking in both it is quite likely that a hoof supplement such as Horseshoers Secret Extra Strength will help.  If this one doesnt do the job, look for another that offers different hoof-related nutrition  perhaps one with more omega-3 fatty acides, more B vitamins, or a different mix of amino acids.

There is no one best hoof supplement, because what the horse is eating for the rest of his nutrition is such a big factor.  However, for most horses showing less than idea hoof quality, this is a reasonable starting point to see how they respond."
Pet_Supplies_5,3.0,0,Can't say if it works or not because my cat refused to open her mouth and I got a good scratching when I tried to make her.
Toys_and_Games_5,5.0,0,"These are great, but understand they're toy soldiers for fantasy nerds.  As long as you don't expect more than you would from their green and tan counterparts, you will be pleased.  Actually, the quality is quite a bit higher."
Movies_and_TV_5,5.0,1,"So much joy I can't find in the movie, thank you.  If you have been following the story, you know the movie is worth watching.  If you don't, go see it.  It's a good movie, and one I would watch again.The series was great and a must see for any fan of the series.  I had to buy the"
Home_and_Kitchen_5,5.0,0,"I like the dirt finder, and I just keep the vacuum running where it finds dirt until the light change. It also pick up dog and cat hair pretty good. Having a bag, that means I don't need to touch the dirt and dust again unlike the bag less type, you have to clean it and wash it when it gets clogged."
Electronics_5,5.0,0,Works great for my pc dedicated to Karaoke on our theater system.
Tools_and_Home_Improvement_5,1.0,1,This lava lamp is a perfect size and the materials are good. The light is bright and the finish is top-notch. The lamp is very attractive and it is made of high-quality materials. The lamp is very sturdy and it comes with two sets of 3 different lighting settings. I highly recommend it. I have ordered another set for my husband. I just wish he would have gotten a different lamp. I have a hard time finding a cheap one to match his desk lamp.
Home_and_Kitchen_5,3.0,1,"This Martha Stewart pom-pom flower pot.  It's a good size and looks great in my kitchen.  The top is a nice, solid stainless steel ring with a nice, strong ceramic edge.  It's not a good value, but it's a nice addition to my kitchen.  I love it.

I did get a free sample of this product at a discount in exchange for my honest and unbiased review.  I'm very happy with this purchase.  I'm very happy with this purchase.

I received this product at a discount in exchange for my honest and unbiased review.  I'm very happy with this purchase.  I do not know how I would be without this product and I'm happy to say that I received this product at a discount in exchange for my honest and unbiased review.  I do not know how I would be without this product and I'm happy to say that I received this product at a discount in exchange for my honest and unbiased review.

I received this product at a discount in exchange for my honest and unbiased review. I do not know how I would be without this product and I'm happy to say that I received this product at a discount in exchange for my honest and unbiased review. I do not know how I would be without this product and I'm happy to say that I received this product at a discount in exchange for my honest and unbiased review"
Electronics_5,3.0,0,"Does not have the infrared leds as was pictured.
Has 9 hours of recording time using a 32GB SD class 10.

I like the layout of the function buttons, much easier to navigate than some competitors cams.

This will make a useful addition to my video / audio recording capabilities.

Thanks again Amazon for quality and value."
Home_and_Kitchen_5,3.0,0,I bought this to cook brown rice...It takes a LONG time to cook! It also takes up a LOT of space on my counter.  Not sure I'll use it all that much for fact.
Toys_and_Games_5,5.0,1,"My grandson loved this. I had to add the wooden legs to it. My son loves this and we have two of the other sets, both of"
Tools_and_Home_Improvement_5,5.0,0,"These glasses are the answer - the right price and the right, light, comfortable fit."
Kindle_Store_5,5.0,0,This book is with his business partner Aaron. I liked it because Aaron didn't know it was Harriet but acted like it was. Then she talks about bringing her friend into the business and I don't know how I feel about that. Maybe a foursome first????? LOL I don't know but can't wait for more
Movies_and_TV_5,5.0,1,"I come from a nutritionist's perspective, I thought the workout was a lot more challenging than I thought.

I had to get up at night and work out, so it was pretty much a daily workout. It was good for a bit. I would recommend this to anyone who enjoys exercise and a bit of a challenge.

The workouts are very easy to follow and you will get a lot of results! I highly recommend it to anyone who enjoys exercise and a bit of a challenge.I love this movie. I would recommend this movie to anyone who enjoys a great movie.I enjoyed this movie and am glad I bought it.  I would not recommend"
Books_5,2.0,1,"The best part of Easton's book is the way he describes the history of the American Revolution.  There are historical references to the ""New England Revolution"" and the ""Revolution of 1812"" and his descriptions of the historical events that shaped the American Revolution.  There are also historical references to the ""New England"" and the ""Revolution of 1812"".  He also describes the history of the ""New England"" as it evolved.  He discusses the New England Revolution from the standpoint of the early 17th century, but he does not make any mention of the role of the English Revolution in the American Revolution.  He does, however, mention the role of the revolution in the historical events that"
Kindle_Store_5,5.0,1,"This book definitely has some steamy scenes with lots of sex scenes. There is a lot of sex and a lot of hot sex, but also some hot"
Clothing_Shoes_and_Jewelry_5,3.0,0,"My boots lasted about 4 months before the rubber heel sole on one of the boots started to peel off. The sole remained intact but loose for another 2 months before completely pulling off. Otherwise very good boot, sometimes the laces fall out of place because the metal lace keepers bend outward when trying to pull them tight."
Kindle_Store_5,5.0,1,"""Embrace,"" by S. Layne, is a sweet, sweet, romantic romance about a young woman who has just broken up with her best friend. The story is told from her point of view, and the characters are well developed.

The story begins with the heroine and her two best friends falling in love. The author does a great job"
Sports_and_Outdoors_5,5.0,1,"Excellent fit, I have these on my AR-15. I will keep them for the next couple years. great quality."
Books_5,5.0,1,"I've seen many versions of this book and thought it was good enough.  However, I'm not a fan of the publisher.  I have bought the first two books in the series and it's a little"
Tools_and_Home_Improvement_5,5.0,0,"This toilet is very good. I bought it to replace the builder grade toilets in our new construction home. Those toilets were clogging all the time, not this one. It is very powerful. I've been very umpressed by the power and have never seen a toilet this powerful in a home. It is not any louder than the standard toilet being replaced either. It has been clogged, so its not unstoppable. However, it was easy to clear and extremely rarely happens. It looks great too. I had no problems installing it myself and have since helped a family member put theirs in too."
Clothing_Shoes_and_Jewelry_5,5.0,0,"This is the second pair I have purchased & I live in them 6 days a week. It was hard to get my size on the first order. They are sold in an ""E"" size, but shipped in a ""W"" size, but I will order another pair in a few years."
Movies_and_TV_5,5.0,0,"Unlike some of the other reviewers, I thought this presentation was far superior to the Ronald Coleman version. I believe that Chris Sarandon showed a much wider range of emotion and feeling in the Carton role than did Coleman. Moreover, the person in the Coleman version playing Charles Darney hardly resembled Carton, which was essential for one to believe that such an ending could occur. Further, in this version, I could actually believe that Carton had found some semblence of peace and joy in the sacrifice he had made--dying--so that the person he loved would be happy. Up to then his life was a mess--dissipation, cynicism, and recklessness. It shows how genuine love can sometimes turn a person's life completely around."
Movies_and_TV_5,5.0,1,Great movie. One of the better ones I've seen in a long time.This movie was one
Clothing_Shoes_and_Jewelry_5,5.0,0,"I picked these up on a half price sale a few weeks back.  While I generally don't like to purchase shoes online since each manufacturer tends to fit differently.  Since I have owned Rockport shoes before I gave it a shot.  The shoes are nice looking, comfortable and a good value.
I have been happy with the past Rockports that I have owned and expect no less from these.  The sole is a ridged design so it holds the ground and doesn't slip when walking as has happened with other rubber soled shoes I have owned.
Comfort is the word that is synonymous with the Rockport brand and these shoes are no exception.  They are nice to slip into and nicer to walk in.  The rubber sole has enough give to absorb some of the shock of walking but not enough to feel cheap or soft.
I have a wide foot and normally wear a 10.5.  I fit into an 11 in the Rockports so I suggest going up a half size.
Overall, I would highly recommend these shoes."
Kindle_Store_5,5.0,1,"Returning home from school abroad, she meets an interesting man. Dylan is a one time billionaire who has had a lot of money since his marriage ended. He is very attracted to Sophie and is willing to spend it on her. He wants her to see him as a person with no strings attached."
Pet_Supplies_5,5.0,0,"Great lead for the dog. My dog is small - less than 13 pounds, and this leash works great. I don't think it would be good for a smaller dog - but would work on a larger dog. It seems to be strong and works fine. Has an extra little hook that keeps it from coming off the halter. I wanted it because my dog loves water and I needed something waterproof. Also, I like that I can just wipe the dirt off."
Pet_Supplies_5,5.0,0,"My golden retriever makes an ""mmmmm""sound when she is waiting for me to hand her a favorite treat.  She sat and started ""mmmmmmm"" before I even go the bag open for these goodies!  These are definitely a new favorite. The dogs like the flavor and I like them for two more reasons.  One is that they are soft, so my (greedy) labs don't choke on them.  The second reason is that you can break them into smaller pieces for training sessions and they don't just turn into crumbs like some treats do.  They are perfect for this.

I will be buying more of these! MMMMMMMM!"
Clothing_Shoes_and_Jewelry_5,4.0,0,"Being a fan of sterling silver I'm  not too hard to please. That being said I have found jewelry here on Amazon can be hit or miss. These earrings are very lightweight and have decent shine to them. The braided design makes them good for everyday casual wear and the locking clasp feels secure so I don't worry about losing them. Overall a solid 4 stars, only deducting one because I feel like there are just slightly overpriced."
Pet_Supplies_5,5.0,1,"My dog loved this toy!  She kept pulling on it for a while, but I was able to get it"
Books_5,5.0,1,"The horror Nujood endured is that it was an escape. It was a place where the survivors were free to move on. The people of the area, the people of the place, were free to live."
Books_5,5.0,1,"All the things I never saw coming, the writing style was smooth and simple, the characters were interesting and well developed. The story itself was good, the writing was good, and the story itself was well told."
Clothing_Shoes_and_Jewelry_5,5.0,0,Fight nice and snug. Plenty of support unlike other minimal shoes out there. Enough actual tread on the bottom so you don't feel every rock. Still very light.
Electronics_5,5.0,0,"At this price this rig is a steal. Rigs are priced way too high and it's often hard to find a rig at an affordable price. Without writing a huge written review I'll tell you the good things about this rig, the bad things, and the one reason why I think one should by this as soon as they can.

Pros:
-Decent Build quality (not amazing but decent)
-Follow Focus included
-Matte Box included
-Light weight
-Quick release mount
-Price
-Easy to put together
-15mm Rod System

Cons:
-Matte box is plastic. Everything is built well but the matte box for some reason.
-No rise mechanism for the follow focus (If DSLR has a battery grip, you can't use the FF. I'm trying to find a possible solution).
-Rails are pretty short.

Why I think one should buy this?
-You get a matte box and FF for a cheap price.
-Up-gradable (You can add on things later on)
-15mm Rods allow you to change to a different matte box or FF if you choose to upgrade one day.
-You get all the essentials."
Movies_and_TV_5,4.0,0,"We laughed so hard, it was a complete surprise. this was a typical Adam Sandler film, with just a bit more substance thanks to a great cast. Nicole Kidman was a treat, seeing her in a completely different role. Jennifer Aniston was very funny, as was Dave Matthews. We absolutely loved Bailey Madison, the daughter. She's a great little actress and should go very far in the industry. Dont expect the best comedy of the year, just expect a great rental, no smut, no bad language and just a funny cast of characters."
Sports_and_Outdoors_5,5.0,1,"This headband is as versatile as it gets. It is thick enough to cover your head and fits easily. The adjustable strap is nice, but the straps have a tendency to stretch and go off. The material is soft and feels like it will last for years. The strap itself is not the best, but it's a great addition to your pack. The pockets are a little small, but I like them. The handlebars are nice and adjustable, but the straps"
Kindle_Store_5,4.0,0,"I found that a few parts were difficult to follow, but the story is intriguing and I've already downloaded the next one."
Toys_and_Games_5,5.0,0,"7 yo twin girls , totally Barbie.. love them and the color changing options.  A hit, all I can say!"
Sports_and_Outdoors_5,5.0,1,"The Weaver multi-slot base with a standard 3/4"" thick barrel. This is the first one I've owned"
Clothing_Shoes_and_Jewelry_5,5.0,1,This hat was just what I needed and the price was right.  I have a large head and
Kindle_Store_5,5.0,1,"I received a Filthy from the author in exchange for an honest review.

The Clue is a short book that is filled with information and then the beginning of a great story. The story begins with"
Books_5,5.0,1,"It needs to be studied more thoroughly and the writing is good enough.

The only downside to this book is the technical details, which are not as"
Electronics_5,5.0,0,"Recently we upgraded to this cable modem in order to satisfy Suddenlink's requirements for their unlimited internet service.  The modem was relatively easy to set up and has performed as expected.  We have a couple of laptops, two i-Phones, and two Roku receivers that access content through the modem. This is our second SURFboard modem and we have been happy with both."
Pet_Supplies_5,4.0,0,Love the functionality and ease of use. Heavier  to handle than expected.
Clothing_Shoes_and_Jewelry_5,5.0,0,"Looks great on the gf, provides lift and oh so sexy."
Clothing_Shoes_and_Jewelry_5,2.0,0,"This swimsuit is adorable! However, I wore it once and won't be wearing it again. I purchased it for a beach vacation and got one days use out of it--however, the color bled and stained my skin underneath the suit. It also rubbed off on my (much more expensive) cover up, and the beach lounge chair I was sitting on.. Additionally, the top is very flimsy and offers no cup support at all. (Unlike how it appears in the picture.) For the price paid I didn't expect much and probably would have given it a higher star rating if it hadn't stained my skin, clothing, and beach chair!"
Electronics_5,5.0,0,"This case should work well to protect my iPad from getting bounced around on the boat (I know it's not waterproof--the iPad sits on dash at a great angle.  It is a bit heavy, but fit well."
Movies_and_TV_5,4.0,0,"What would have happened if I got that letter when I was supposed to? Danny Collins (Pacino) is a rock star who peaked years ago. He is coasting through life playing concerts when he can and playing the same songs over and over. When he is shown a letter that John Lennon wrote him many years before he rethinks his life and career. With a new look at life he heads to New Jersey to find the son he never knew and start writing again. As many of you know by now I am a huge Pacino fan. I think he is the greatest actor working today but some of his recent movies I haven't been a big fan of. He was great in The Humbling but I thought the movie was a little slow. This is a role that seemed like a stretch for him (he does his own singing) but because he is so great he pulls it off and it seems like a role he was made for. The movie is very fun and easy to watch. The cast is great and the writing is funny and heartfelt. Only an actor like Pacino can turn a clichd cheesy line like some dinners are worth fighting for into something that is meaningful. Overall, I am a little biased because Pacino is my favorite actor but this is a great movie and his best movie in a few years. I give it an A."
Toys_and_Games_5,5.0,1,This arrived in a nice box. The pieces are sturdy and the pieces fit well. The one time I opened it up and I found a small box that was a little too large for my liking. I would not recommend this toy.I bought this as a gift for my daughter
Sports_and_Outdoors_5,5.0,1,"Bought this, along with a few other mounts.  I've had a lot of problems with them.  If you want to mount your mount to the bike you'll need to get some sort of mounting bracket.  I've been using this for about a year now and it's not going anywhere.  I have a mounting bracket that I can use to mount"
Home_and_Kitchen_5,4.0,1,Works well as a small kitchen tool and as a small tool.  I have a large one and
Home_and_Kitchen_5,2.0,1,"The ""adjustments"" on the chair are an easy way to make sure it's properly adjusted.

The chair is adjustable, and the chair feels firm and comfortable.

The chair is made of a material that is attractive and comfortable, and it's comfortable and soft.

The chair is a bit smaller than I expected it to be, but the chair is a solid quality chair. I just wish it came with a little more cushion.I love this pan. I have been using it for a month now and the pan has kept cooking, which is why I gave it 4 stars.  The pan is sturdy, and does the job it's supposed to.  I am very pleased with this purchase and would definitely recommend"
Pet_Supplies_5,2.0,0,"My veterinarian recommended this product for my dog who has an intervertebral disc problem.  She does not have arthritis. My dog was also given a non-steroidal anti-inflammatory agent, rimadyl, for a month, and put on restricted walking. These are probably responsible for my dog getting better. I don't know, and there is no way I Can know, if the Phycox has had a beneficial effect on my dog.  I do know that the Phycox claim to fame is its content of phycocyanin.  However, a chewable contains at most 40 mg of phycocyanin.  The studies of phycocyanin that they list on their website, which were done in Cuba and on Rats, showed a benefit when the rats were given between 100-300 mg per kg.  At 37 lbs, my dog is about 17 kg, which means that she would need 1700-5100 mg of phycocyanin per day to get the same benefit. So it is unlikely that my dog will benefit much from this particular product."
Home_and_Kitchen_5,5.0,1,"Love this vacuum! It works great. The only problem is that it comes with a small screw driver. It's not the best vacuum, but it is"
Kindle_Store_5,5.0,1,"I have not given much away about the story, but I will say that it is a pretty good story. The story is well written and the characters are very likable. I would definitely recommend this book to anyone who enjoys a good romance.This is a good story. The characters are well developed. The story is well written and the story is very well told. The ending is satisfying and I would recommend it to anyone who enjoys a good romance.I loved this book.  It was very sweet, very emotional, and had a really nice ending.  I was just so happy that I got to read it.  I was a little disappointed with the ending, but I was happy that I got to see a happy ending.  This is the first book I've read"
Movies_and_TV_5,5.0,0,*Indiana Jones theme song* REPEAT *Indiana Jones theme song* REPEAT WITH MORE FEELING *Indiana Jones theme song* LOUDER NOW *Indiana Jones theme song* LET IT SOAR *Indiana Jones theme song* KEEP GOING *Indiana Jones theme song* AND FADE...
Clothing_Shoes_and_Jewelry_5,5.0,0,I love these from an office job to an evening out. They ate very comfortable; especially for a hard to fit wide foot.
Home_and_Kitchen_5,3.0,0,Love the print and color of these rugs but they are very very thin. Great accent pieces but the runner is an unusual size and the small area rug is very small.
Tools_and_Home_Improvement_5,2.0,1,"Listed are external dimensions... More than adequate, with the exception of the GFCI connector.  The other two have the same design, but the GFCI connector is a bit large for it."
Toys_and_Games_5,5.0,0,"My daughter loves this penguin. He goes inside and outside. He is drug all around the house. He has worn very well, and even survived several washings. My 7 year old is very happy with this penguin. My 1 year old also seems to enjoy it quite a bit."
Clothing_Shoes_and_Jewelry_5,3.0,0,"Arrived ahead of schedule.  Great value.  Good quality, but at least 2 sizes too big.  I wear a size L which is what I ordered and received, though it fits like an XXL.  Maybe if I wash it on HOT and dry it in a volcano it'll fit."
Books_5,2.0,0,"It seems that getting older hasn't been a good thing for Mr. Higgins. His writing has become predictable and mundane. In this book Mr. Higgins often repeats character descriptions. It also always seems to rain in ""torrents"" . So much so that London would surely be suffering serious flooding. Also there is less differentiation among characters then there has been in Mr. Higgin's earlier works. I don't believe I will purchase another of his Sean Dillian books. They seem to be all the same story with less and less differentiation among plot lines."
Books_5,3.0,1,I was disappointed in the book. The characters were just too real. There were too many of the same clichs. The plot was too predictable
Sports_and_Outdoors_5,4.0,0,"I used these on a kick scooter and on a umbrella, They worked great for both.  I only took off a star because the shoulder pad is weak."
Electronics_5,5.0,0,I drove 100 miles an hour  And it stayed on
Pet_Supplies_5,4.0,1,This product is pretty durable and has the quality of a good collar. My dog loves to scratch.I bought this for a friend who has a small dog and she had a very sensitive ear. It was her only allergy to the shampoo. I have tried several different kinds of products for her and it's been a lifesaver. I'm very happy with this product and so am I. I just wish there was a collar that would tell you if it's a good product for your dog.I bought this for a friend who has
Home_and_Kitchen_5,4.0,0,"Took off one star for easy to use because it is not the easiest to out back in the holder after you use it. Other than that, it is great!"
Pet_Supplies_5,5.0,0,My cat goes nuts for duck. Glad we were able to find a good brand and the type he liked. Plus nice that it's available via subscribe and save.
Pet_Supplies_5,5.0,0,I bought this because it helps to slowdown a fast eater.
Clothing_Shoes_and_Jewelry_5,5.0,1,This is one of 3 pair of Toms I've purchased in the past 2 years.  They are so comfortable and comfortable.  I have bought the Toms in a pair of black and white and they are still good quality.  I wish I had gotten the two in black and white.  I have a wide foot and I can wear the white pair without shoes.  They are very comfortable.  I wear them all the time and they are a perfect size for me.  I have had them for a couple of years and they are comfortable.  They are a little too
Kindle_Store_5,5.0,0,"What a surprise S E Smith gave us for Christmas!  I only knew about this for the last month or so from the hints on her FB page.  I started this Christmas morning before everyone got up, had to wait until after the day's festivities to pick it up again.  I couldn't put it down until I had finished.  Loved the story and Rune. What a great main character for this story. I never give out spoilers or rehash the books description.  That said even though it's in the Heaven sent series, it's not related to any of the characters in book one.  This story stands on its own.  Micha too was such an essential part of the story I thought even though he wasn't one of the main characters. Enough said - go read it!"
Books_5,4.0,0,"The love story is romantic.. The Title of the book is so romantic as well!
Although I adore Paulo Choelho's work and wisdom but I didn't quiet find that in this book.. I felt like there were some parts missing, there  were things I didn't understand...
The book is not really special if you  would talk about a very good and wise writer such as Paulo..
 I would  suggest ""The Pilgrimage"" & ""Veronika Decides To  Die"".. ofcourse after you read the ""Alchemist"""
Toys_and_Games_5,4.0,1,"My almost 4 year old son loves it.  We've had it for a couple of years now and it's still going strong.  He is still learning to fly it and it's still going strong.  It's a great way to learn how to fly it.

It's a bit smaller than I expected it to be but I think it's a good deal.  I just wish there were more batteries included.  The sound is great.

We have flown it for about 2 weeks now and it has been flying fairly well.  It's just a little too loud, but we like it.  It's been flying at my house and it's just a little too loud and we're using it for a few hours at a time.  It's a good starter drone for little hands.  I think it's going to last through a few years.My son is a big fan of Thomas the Train.  He plays with this every day.  He plays with this at all times.  He loves it and it's so well made.  I have to say, I'm very pleased with the quality of this toy.  It's made from sturdy materials.  I was very impressed with how well it"
Books_5,5.0,1,"This is the first novel that I have read by Rebecca T. Giffin, and I'm very pleased that I had the opportunity to read it."
Home_and_Kitchen_5,5.0,1,Candles were little smaller than what I expected.  Not sure how they hold up in the dishwasher.  I had to replace a couple of the
Sports_and_Outdoors_5,5.0,1,"I love this backpack.  It has the wide brim which is perfect for my needs.  The extra space is great for a bed, a small blanket, or even a place to go to go to sleep.  It is a perfect size for my needs and is comfortable.

I received a free sample for an honest and unbiased review.I ordered this to add to my core fitness program.  This is not a ""best"" workout, but it is well worth the price.  I feel like I'm going to have a really nice workout for the first time in a while."
Kindle_Store_5,5.0,1,"The Faberg&eacute; Entanglement by Lesley Merrick

Wins:

Harold R. Young

Hazel E. Robinson

John C. Tuckett

I was given this book in exchange for an honest review. This was a very good story. The characters were well developed. I liked the story and the storyline. The ending was good. I really liked the characters. I recommend this book to anyone who likes a good romance with a good main character. This was a sweet short story. The characters were very well developed and I liked that the author didn't try to make them all like one. The story flowed nicely and kept my interest. I am hoping that the author will take this author to the next level."
Movies_and_TV_5,5.0,0,"Home Movies got better and better, and was cut to short at four seasons. All four sets have tons of extra material on every disc. If you're a fan, you will be more than pleased. I wish they would have removed the beeps over explicit words."
Home_and_Kitchen_5,5.0,1,I purchased these to compliment my new Teflon stovetop.  These work well and look great.
Sports_and_Outdoors_5,5.0,0,"Light weight, well made, the aluminum CO2 cover is not necessary for the operation of tool, but it does give some protection from the freezing effect when using."
Pet_Supplies_5,3.0,1,"The price on Amazon is $24.00 and you can't beat that for the price!Great product. Great price! I am a small dog, and this collar is very large. I have a little smaller dog, so it was a challenge to fit him properly. The material is soft and plush, so I can't say I am impressed. It is a little heavier than I expected, but it is still a nice collar for small dogs. I will buy again.I have used this collar for my dog for about a year now, and he still has some issues.  He has had it for a couple weeks now, and it is not as strong as I had hoped.  I have been using it for about 3 months now, and he has not had any issues.  I have used it several times, and the metal is holding up.  I will purchase another collar, and I will buy the metal again.  I would definitely recommend this collar.  My dog is about 20 lbs, and he was very rough with this collar, so I would recommend it.  I was very disappointed in this collar, and I would not buy this again.  It does not hold up to a full length leash, and it does not allow you to attach it to a harness.  I have tried several different collars, and this one does not hold up"
Tools_and_Home_Improvement_5,5.0,0,"runs a long time with 9 amp hour battery ,would purchase this  again"
Pet_Supplies_5,4.0,1,I have three cats and this has been an important part of their lives.  I have one cat that is prone to severe digestive issues.  The other two have had a lot of weight problems and had severe diarrhea.  I am very pleased with this product.  I would definitely buy again.  I have a German shepherd mix and she is a very picky
Sports_and_Outdoors_5,1.0,1,Product was incomplete. Order was shipped on time. Wife loved it. Nice bag.
Books_5,5.0,1,"This book was so very good. It was a good read. I would recommend it. I read this book in the middle of the night, and it was great. The story was well told, and the characters were well developed. This is a great series for young people. I have read the book, and can't wait to see what happens next. I just can't wait to read the next book. I enjoyed this book, very much. I have read all of the books by Will Eisner, and I was quite impressed with them all."
Kindle_Store_5,5.0,1,Oh how I loved this book. The characters were believable and the plot was well thought out. The story flowed well and the characters were believable. The story was a bit of a cliffhanger. I still want to know how it ends. I would recommend this book. Great series with great characters. I liked the characters and the storyline. I hope it goes on to more books. I just wish there was more to the story. I am so glad that I bought this book. I couldn't put it down. I liked the characters and the story. This book is a great read. I have read all of the books in this series. I was so glad that I bought this book.
Pet_Supplies_5,5.0,0,"Great buy, will be buying all our dog food from Amazon!!"
Pet_Supplies_5,5.0,0,"These are a huge hit with my two dogs and the dogs at daycare.  Apparently great smell/flavor and they are low in fat and natural so the day care people are happy to have treats to share with the other dogs, even the ones that could afford to lose a few pounds.  Great price, I will continue to purchase again."
Movies_and_TV_5,5.0,0,Pure entertainment.  B+ to A+ movies.  You cannot go wrong.
Electronics_5,1.0,0,"This GPS served me fairly well (although my first update seemed to mess up its routing) for three years.  It routed in basic fashion, and did not surprise me too much.  The selection to favor back roads was especially good, and the POIs were quite extensive. Then I was recently ready to go on a long trip through the southern US and up the east coast. I was packed, turned it on and then NOTHING but the Magellan intro screen hanging there. System reset did not fix anything, and then it turned itself off.  In short, this a defective unit after three years of only occasional use. I stopped at a Walmart on the way of my trip and chose a TomTom Start 40M, which is a very nice unit that was up and running in 5 minutes. A bit quirkier than the Magellan, POIs are not as good, but it is quite smart in its routing. I expect electronics to last a lot more than three years. No wonder there are so many refurbished 1412s out there! One star ONLY for lack of durability, but that is BIG."
Toys_and_Games_5,5.0,0,My wife loved her pop funko gifts at Christmas. Arrow & Capt. Cold were her favorites
Movies_and_TV_5,4.0,1,This is A fun funny movie. The characters are funny and the plot is just a little too dark. If you like comedy you will like this movie.I think this is a great movie. It is based on a true story
Home_and_Kitchen_5,5.0,0,"Extremely well packaged. Very thick outside box, then another inside box, thick cardboard protection top and bottom. On the small side but I knew that. Step for lid works very well and does not tip even when empty. Soft closing lid is nice also. Must use the plastic liner as the bottom is not solid but that is no issue for me since I wanted something that would not rust from my empty, but wet, contact lens packs. Update:  Been several months now and although it sounds foolish, this is one of my favorite items ever purchased on Amazon. The plastic liner is very simple to remove and dump and clean if needed. I do not feel a need to use a plastic bag. The lid opens and closes softly and smoothly each and every time. No need to keep your foot on the pedal to lower the lid."
Kindle_Store_5,5.0,1,I really enjoyed this quick read. The characters were well developed and kept my interest. I recommend this book. I had a lot of fun with this book.
Home_and_Kitchen_5,5.0,1,"Good, arrived after a re-order. I love the look and feel of this pillow."
Books_5,3.0,1,"Cowell delivers a narrative of what happens when the U.S. becomes involved in the war and the role that the West played in it.  The reader is introduced to a strong and determined young man who is not in the military, but is an American soldier who has served in the field and a woman who is a native of Afghanistan.  The story is told from the point of view of a young soldier who has spent his entire life on the battlefield and has seen much of the horror and devastation of war.

The book is well written and provides insight into the role of the West in the war.  Powell's book is a good read and I recommend it.  The only reason I gave it 5 stars is because it is not a riveting story.  I will be re-reading the book several times.This is a book about a teen in the 60's.  When he was 16 he went to a local library to read books by other people.  He went and bought this book.  He was very disappointed with the price of it.  I was able to get it for $20 and it was a great value.  I loved it.  I have read a lot of books on this subject and I have read a lot of books about it.  This is a good book.  The story is told from the point of view of a boy who is very young. "
Home_and_Kitchen_5,5.0,1,Great can opener that looks nice on the countertop. I will keep my opener in the drawer.
Pet_Supplies_5,5.0,1,I bought this for the African Grey and the dogs love it.  It is a nice grain free treat
Kindle_Store_5,5.0,1,Can`t wait for next one.I love the way these two characters developed and developed the story
Movies_and_TV_5,3.0,1,"I remember seeing this as a kid and thought it was hilarious.  Well, I was wrong.  There was a scene where a girl and her dog fight, and it was pretty funny.  I still watch it a few times now.  This movie is still fun to watch.  I recommend it to anyone who enjoys comedy.  I hope you enjoy this movie as much as I did.Love it!I was happy to get this film back on DVD, so I can buy it again.  I have seen it a few times since it was first released, and I enjoyed"
Movies_and_TV_5,5.0,1,"Sortie stupfiante de qualit, artistique, ancien, dans le monde, qui est la vie de Biscuit.

Auteur de Mouton de la conte, va  le monde, la vie de Mouton de la vie de Maquis.

Auteur de Mouton de la vie de Maquis, dans le monde, la vie de Mouton de la vie de Maquis.

Auteur de Mouton de la vie de Maquis, dans le monde, la vie de Mouton de la vie de Maquis.

Auteur de Mouton de la vie de Maquis, dans le monde, la vie de Mouton de la vie de Maquis.

Auteur de Mouton de la vie de Maquis, dans le monde, la vie de Mouton de la vie de Maquis.

Auteur de Mouton de la vie de Maquis, dans le monde, la v"
Books_5,4.0,0,"Stephanie Plum is hunting down Sandy Claws, a Failed-to-Appear, who definitely resembles Santa, since he is hiring elves to make toys for Christmas. Stephanie has some help with hunting down Sandy Claws and unfortunately it's not Ranger or Morelli. No a supernatural being named ""Diesel"" has popped into her kitchen and is offering to help locate Sandy and get into the Christmas spirit. With a few days until Christmas, there is plenty of time to get into trouble, blow up a car or two and get into a tussle with elves, which is exactly what Stephanie does.

I do love the Stephanie Plum books. I read them years ago and I'm now re-reading them as audiobooks. Visions of Sugar Plums seemed like the perfect listen while I was doing all my holiday baking, and it was. It was certainly fun and over-the-top and what we expect from Janet Evanovich. I like that even though this is just a novella we saw all my favorites, well except for Ranger, and there were some hilarious moments with Grandma Mazur.

I've listened to quite a few of these books with the narration by Lorelai King and I like her voice. She's certainly become the voice of Stephanie, Lula and Grandma Mazur for me. Her voice for Diesel seemed a little slow to catch my interest, but by the end I enjoyed it as much as the others. I definitely plan to listen to the rest of the books in audio version."
Pet_Supplies_5,5.0,1,Natural remedy effectively kept mosquitoes from destroying the food and litter box.  My only complaint is that the bottom is too small
Home_and_Kitchen_5,5.0,0,"These are the best pans that I have EVER had in my life. I absolutely ""love"" them. I have never had anything stick to them and they are really made heavy. I would highly recommend buying them. Great product."
Kindle_Store_5,4.0,0,Sean and Kay are awesome together!  I love how the story steered me in a direction I didn't even conclude until the last scene.  I am so glad about how Sean turns out.  I can't wait to read more about him and Kay together.
Home_and_Kitchen_5,5.0,0,"Very nice quality and its adorable! Made both snowman and Santa. It wants me to say more! Well, this is way better than those cheap flimsy ones!"
Electronics_5,4.0,1,"A very interesting thing happened.  The only problem is that it did not work properly.  The other two I had worked great, both with the TV and the TV remote.  The TV remote had no issues.  I would recommend it.I bought this to replace a broken one I bought for my TV. I did not want to have to repair it since the unit was so cheap. It does what it's supposed to do. It's easy to use and works great. I highly recommend this item.I bought this for my mom to use with her iPad mini.  She loved it and it is exactly what she"
Kindle_Store_5,5.0,0,I love the story.  I was waiting for a very dramatic ending. Like a matter of life ending but the one that was presented was also nice and funny.
Movies_and_TV_5,4.0,0,"Movie hype made the movie seem alot better than it turned out to be.  Its like you have seem this movie before, like in any one of the james bond movies with a much sadder ending. I sure could have done with out this ending. It will make watching this movie again a lot harder to do"
Kindle_Store_5,5.0,1,Matt loved and lost. He was an amazing character and a good friend. He was a strong and strong woman. She had a lot of demons and she had a lot of strength. She was a bit of a rock star. I loved that she was a strong woman. She had her demons and she had a lot of strength. I loved the fact that she was a strong woman. She was just such a strong person. I loved that she was a strong woman. I loved that she was a strong woman. I loved that she
Home_and_Kitchen_5,3.0,0,"Good basic turner - flexible enough (would like it better if more so).  HOWEVER, the edges are sharp - not thin, but with a rough burr from the stamping process used to make the head.  Actually managed to cut myself.  Not a bad cut, but enough to tick me off.  I will need to use some emery paper to try to smooth it down a bit.  Price is right, though."
Sports_and_Outdoors_5,4.0,0,I love these for all my athletic needs.  I have done all types from OCR to 10k races.  They stay in place and perfect length
Toys_and_Games_5,1.0,0,"When the MH dolls first came out I thought. ""With the way they pop on and off, why not do them all like this and make them interchangeable?""  yeah great idea right?  No, not when Mattel is being greedy. I made the mistake of buying almost everyone of these kits. God Help Me!  I got completely ripped off. They are cheap, the wigs look like crap, the arms and legs are loose, and the hip joints break with little movement. I cant believe that Mattel has gotten so cheap. I mean first the first set of MH dolls end up breaking like crazy, then this?  Come on Mattel don't you have enough money????? Do you really have to rip off us parents this close to Christmas????  This set was NOT worth the money, and I didn't pay hardly anything for it at the store. None of these sets are worth a flip. I might as well toss them ALL in the trash or had just set my dollars on fire in the store. I will be very cautious in buying ANYTHING new from Mattel that is MH. So parents just beware. If you buy any of these kits just know that you are getting half of what you pay for, if that. What is next?  A pile of crap with the MH logo on it?  Really Mattel, really?  This set is even worse than the others and I bought them all unfortunately! The wings won't stay on, none of the torsos look good with any of it. The wig is cheapy, it looks like crap. the dress looks like it is cheap and it isn't even. The velcro is off to the side and you can see it from the front. It just looks terrible. The legs and arms, like all of the others, won't stay on. So just save your money, just wait for the real doll."
Tools_and_Home_Improvement_5,5.0,1,"This is my second Moen saw. The first saw I bought was a Leatherman saw. This saw is so much better than the Leatherman that I have bought a third. I used this saw to cut 2 1/4"" thin plywood strips. This saw is far superior to the Leatherman."
Tools_and_Home_Improvement_5,4.0,0,"We got this as an upgrade to our current Sentry Fire-Safe which is older (circa 2000), smaller, and doesn't have a water rating. At first feel, the dial felt a bit cheap and clunky as it didn't spin smoothly (it was like you could feel it catch every so often) but it didn't hamper the use of the safe at all. I'm not sure if I love or hate the clicking sounds as you rotate the dial (my last one was silent so am used to that). I hope to never worry about needing to unlock it in a perfectly quiet manner.

Regarding the keys, I'm not sure what the other reviewers are talking about--you don't NEED the keys to lock the safe. I locked mine just fine without the key: just close the safe, raise the lever, and spin the dial...and it's locked. The key just adds another layer of security--once you lock the safe with the dial, you use the key to turn the key-lock from Unlocked to Locked. But, thinking I might have missed something (after reading a few reviews) I just specifically went back to test it...and confirmed you do not need the key to securely lock the safe. Right now, my keys are locked in the safe and I can get in and out just fine.

I do like all the room in the safe, but would have liked a drawer (like the one that came with my other safe) or at least another shelf. I was also blessed with a super easy combination, so I'm thrilled with that.

Overall, a very nice safe for the price."
Kindle_Store_5,5.0,1,I liked the first two books in the series and I was glad to see that the third one was a little longer. The second book was
Movies_and_TV_5,5.0,1,"Borrowed Hearts is a fabulous, fun, and very funny film about love, friendship, and the joys and tragedies that can happen in relationships."
Movies_and_TV_5,4.0,0,"""Tonight or Never"" is one of the ten best movies about opera ever made (There have been at least 10, right?  There is ""A Night at the Opera"" and ""The Great Caruso,"" and they go to an opera in ""Pretty Woman. ""  Does that count?). Gloria Swanson plays Nella Vago, a young singer who has a rather disappointing operatic debut in Venice. Her voice teacher, Rudig (Gerdinand Gottschalk), tell here that her voice lacks warmth and feeling. Meanwhile, a young man (Melyvn Douglas) is following her around everything. Nella returns home to Budapest, where she learns that a scout from the Metropolitan Opera has refused to sign her until she can truly feel her songs. Depressed, she goes to the apartment of the young man and makes love to him. The next night Nella stuns the audience with her emotional performance in ""Tosca. ""  But now she has to choose between a career and the man she loves (apparently having both does not occur to her). Swanson is pretty good in this early talkie, especially since she is dressed up in stunning gowns by Coco Chanel, which may well be the best part of the movie. This 1931 film directed by Mervyn LeRoy was based on the play by Lili Hatvany and this would be a much better movie if it seemed less like a play. Two other interesting tidbits about ""Tonight or Never"": The cameraman was Gregg Toland, the famous cinematographer who worked with Orson Welles on ""Citizen Kane"" and the scene stealing waiter was Boris Karloff, in his first role after ""Frankenstein."
Kindle_Store_5,5.0,1,It a very cool story.  I love the way it was written.  The characters were well
Pet_Supplies_5,5.0,1,This is a great addition to my 55 gallon tank. I will keep this for the next couple of
Movies_and_TV_5,4.0,0,Terrifying & haunting because it's based on a true event.  Great Alaska scenery.  Good acting by both Cage & Cusack.
Toys_and_Games_5,4.0,0,Family game night welcome addition; just enough of a challenge.
Pet_Supplies_5,2.0,1,"My English retriever pup has been on the market for a few years now, and I have always been a fan.  The plastic parts are very sturdy, and the cover is very sturdy.  The only complaint is that the cover is very thick. "
Movies_and_TV_5,3.0,0,Too much vile language!! Couldn't finish it.
Movies_and_TV_5,3.0,0,"It was merely okay. Too many unanswered questions, lengthy stretches without any meaningful  action. You never know why he was sailing alone for one thing. I watched all the way through thinking something meaningful was going to pop up but it never showed. Compelling but incomplete."
Electronics_5,1.0,1,this unit will destroy your computer. The only way you can fix it is to fix the one-time cost.  The other thing is that the sound is not
Electronics_5,5.0,0,"Make sure you buy your display port cables, the monitors do not come with them."
Clothing_Shoes_and_Jewelry_5,5.0,0,I bought them for my mom and she likes them
Home_and_Kitchen_5,5.0,0,It was a gift for my daughter and she said it really works well.
Pet_Supplies_5,3.0,1,"I bought this for our dog.  It's a good size and my dog loves it.  It's not the best bed, but it is the best bed.  I used this bed for my older dog.  I would recommend it.I bought this for my dog for the second time.  He is the most aggressive chewer in the dog world.  I got this for my puppy, and I love the fact that it is made of a durable, durable material.  He is now 17"
Electronics_5,5.0,0,Used these cables to hook up blue ray dvd players.  Works just fine and the price is right.  Shipping was quick.
Sports_and_Outdoors_5,1.0,0,Oh god this is just to funny cause they are just junk.. I'm not sure what to feel it to  laugh or just trash them and call it a learning experience. There just paper weight toys.. Useless and junk..
Toys_and_Games_5,5.0,0,"Great colors, big pieces, challenges the kids.  Great puzzle."
Electronics_5,5.0,0,This is the best mouse I've ever owned. Hands down the best mouse for wireless gaming.
Books_5,5.0,1,I love the Joanna Brady series. The characters are well developed and believable. The writing is just
Kindle_Store_5,5.0,1,The suspense was awesome......characters made me laugh and cry and just know how they feel. I was just blown away by the way the author
Clothing_Shoes_and_Jewelry_5,5.0,0,Love these brook  addiction walking.  They wear like iron and re the most comfortable shoe I have worn.
Electronics_5,3.0,0,"I tried these earhones and I waited and waited and finally when they came I was so happy. Well when I was trying to pull them out of their tight packaging one of them slightly snapped. They  still sounded the same, but they didn't look it. The bass is probably the only thing that is really good about these like I said before. The mids are somewhat there and the highs are almost no where to be found. The sound isolation was okay, blocking some noise while music was playing but my previous Etymotic Er6i isolators did a much better job for 40$ more. I did insert them all the way into my ears, for what seemed to be as far as they could go. All in all, if all you need is bass consider these, if not just look elsewhere.

Oh yeah, I have a newer ipod, so sound coming from it is bound to be good. So there should be no problems coming from the music side."
Sports_and_Outdoors_5,4.0,1,Nice set to bang up a bunch of the chain. I will keep this for the next one.
Clothing_Shoes_and_Jewelry_5,5.0,1,"Originally bought a pair of this dress and they fit fine.  I also have a large bust.  The top is a bit narrow.  The fabric is not thick, it's nice."
Kindle_Store_5,5.0,0,"Cannot say enough GOOD things about this book, and the series as a whole. The author is amazingly creative and I was drawn into the book at the first sentence. Can't wait to see what comes next!"
Sports_and_Outdoors_5,5.0,0,"Great product, I use it to keep dust out of my lungs while working and running."
Pet_Supplies_5,5.0,0,"Nice, soft and fit well in the new cat carrier."
Pet_Supplies_5,5.0,0,"My 2 ferrets love this! Theu lay in it all the time. Most ferrets are active but mine are verrrrry lazy and they like to lay around practically all day! And this is where they are all the time. They both can fit in here together but my ferrets are a little on the smaller side. If you have a larger ferret like one from the pet store for example (i saw some at petco that were twice the size of mine) than only one would fit in here. Theres holes on the sides and on top, my girls like to poke their heads out of each end while they sleep! Also the straps are very long! So mine is not clipped to the cage, i have it tied because it needed to be much shorter or else theyd be laying on the shelf."
Home_and_Kitchen_5,5.0,1,I got a 16 qt. pitcher and the pitcher is good quality.  The pitcher is pretty sturdy and seems sturdy enough to hold a pitcher of soda or a couple of drinks.  The pitcher is well made and looks good in my kitchen.  I really like the glass shape.
Pet_Supplies_5,4.0,0,"vital to monitor koi pond and avoid ph crashes, illness
easy to use"
Pet_Supplies_5,5.0,0,This is the first product I have ever purchased for any dogs that I have ever owned that didn't fall apart within a week. We have had this toy for about three weeks now and it has yet to show any sign of damage. My wife and I are amazed at how well it has stood up to all  of the pulling and tugging and biting. Right now it appears to be indestructible. Without a doubt I would highly recommend this to anyone who has a dog that just wants to have fun
Toys_and_Games_5,5.0,0,My grandson loves his Cars cars and Mater is a must-have for any child who loves the movie.  He especially loved attaching McQueen and other cars to Mater's tow hook.  I only with the hook was a bit sturdier.
Movies_and_TV_5,5.0,0,"Who doesnt like a good movie with a good looking actor.? The women do! So watch away it definitely does not hurt the
eyes."
Movies_and_TV_5,5.0,1,"WARNING: THE FILM IS IN FULL SPANISH FORMAT.

THE MOVIE DOES NOT HAVE THE ORIGINAL TITLES.

SPECIAL FEATURES:

1. The True Story of John Galt

2. The True Story of John Galt

3. The True Story of John Galt

4. The True Story of John Galt

5. The True Story of John Galt

6. The True Story of John Galt

7. The True Story of John Galt

8. The True Story of John Galt

9. The True Story of John Galt

10. The True Story of John Galt

11. The True Story of John Galt

12. The True Story of John Galt

13. The True Story of John Galt

14. The True Story of John Galt

15. The True Story of John Galt

16. The True Story of John Galt

17. The True Story of John Galt

18. The True Story of John Galt

19. The True Story of John Galt

20. The True Story of John Galt

21. The True Story of John Galt

22"
Toys_and_Games_5,4.0,1,The drone works great. The wheels spin and the drone stays on its own for a while. The drone is so small that it's not worth the extra money
Tools_and_Home_Improvement_5,5.0,0,Very nice product.  Was very easy to add strip LED lighting and create professional looking enclosed LED shelf lighting.  The angle helps direct the light in and it looks great.
Sports_and_Outdoors_5,5.0,0,"Just add belt and go, whether you are shooting for fun at the range ( if holstering is allowed) or maybe in a local event, this is beyond a doubt one of the best complete packages out there.  Select the correct rig for your specific gun.  Receive your set, add a belt and go convert money into recoil, noise, fire and fun."
Tools_and_Home_Improvement_5,5.0,0,Great throw away brush even though I used it more than once.
Clothing_Shoes_and_Jewelry_5,5.0,1,My new favorite go to pair of shoes.  I've always wanted to have a pair of these
Kindle_Store_5,5.0,1,"I was hesitant to read this book because I knew it was a prequel to the first one. I read the first book in the series and then the first one in the series and now it's a standalone. I'm hoping it will be better. This is a great series for young people.I loved this book!  I can't wait to read the next one!I received a free copy of this book from the author for my honest review.

This book was sweet and"
Kindle_Store_5,5.0,0,"I really enjoyed reading this, as I used to be a Literacy tutor, and I am fascinated by all sorts of ideas related to learning. I was really impressed by the human drive toward knowledge and learning."
Pet_Supplies_5,3.0,1,"To small my cat won't eat it, but she loves it. I have a large one."
Movies_and_TV_5,5.0,0,Superb example of Kevin's work; you know sides hurt from rewinding to hear jokes a second and third time...
Movies_and_TV_5,5.0,1,"It has an amazing different look to it.  The characters are believable, the acting is just fantastic. "
Kindle_Store_5,2.0,1,"I didin't find this story easy to follow.  The characters were boring, the plot was predictable.  There was a lot of sexual tension and then the sex was so"
Movies_and_TV_5,1.0,0,"There are two mistakes about this DVD. The English title for this Italian movie should be either Bread, Love and Dreams (original: Pane, amore e fantasia) or Bread, Love and Jealousy (original: Pane, amore e gelosia). The actors Vittorio de Sica, Gina Lollobrigida and Marisa Merlini played in both movies and the product description could easily be related to any of them. Both movies were directed by Luigi Comencini and not by Vittorio de Sica. Boudu Saved From Drowning is a very famous Jean Renoir movie from 1932. Both Italian movies are very good, but the one star is because of these mistakes."
Toys_and_Games_5,5.0,1,My daughter loves this doll and has kept it around her for a long time. She's just starting to
Books_5,2.0,1,Seemed like the author never intended to explain the relationship between two women.  I would have liked to have seen more about the relationship between both of these characters.
Books_5,5.0,0,"I loved this book! I adore Julia Quinn's writing style and, while they do tend to get a bit spicy, I simply glide over those passages and enjoy the story itself. Quinn has a way of writing that is just so witty. I find myself smiling and laughing almost all the way through her books - they are lighthearted and yet her characters have a depth to them that make them come alive.

Because of Miss Bridgerton might actually my favorite of all of Quinn's books. I read it in one sitting. I didn't want it to end and now I have to wait for the next Quinn book - that's the only negative side to her books! :)"
Clothing_Shoes_and_Jewelry_5,5.0,0,"Happy that these were not the new ""stretch"" 505's. Good ole 505 fit."
Tools_and_Home_Improvement_5,5.0,1,"I have had this saw for a couple years now and I have not had a problem with the blade.  The blades are very sharp and the blade is very solid.  I would definitely recommend this saw to anyone.  I would buy it again if I had to.Great for the money.  I have used the most of the blades in the shop.  I like the blade for my keychain and I like the blade for my wallet.  It's very easy to open and close the blade.  The blade is very secure and is easy to store.  I'm sure it will last a long time.  The blade is very stable.  It's a very good quality saw.  I would recommend this to anyone.  I have a large box of blades and this saw is a great tool to keep in the glove compartment of my car.

Very happy with purchase.Good product.This is my second pair of these, and I really like the quality of the material on the other.  They are very easy to install, and the rubber part of the handle is very easy to peel off.  The size of the handle is very nice, and it's very comfortable to wear.  The tape on the handle is a bit stiff and will not hold it securely on your hand.  It is well made, and I would recommend it.I received this item"
Clothing_Shoes_and_Jewelry_5,3.0,0,"With athletic socks on this shoe seemed just a little big though I normally wear a 7.5 in Ryka athletic shoes. What made me return them is my heel kept coming out of the shoe when walking and felt like my heel was very low. Even a half size smaller would probably not work for me as i'm used to a small heel. If you like the feeling of a flat foot with a low feeling heel, you'd might like these."
Books_5,5.0,1,"It starts out a love story. The story starts out good but becomes more and more confusing as we get to know the main characters. There are some things you think you know, some things you don't. It's a very good story. I would recommend this to everyone.I loved this book. I have read the entire series, and I have not read the last one. I love the characters, and I love the setting. The story was interesting, and very realistic. The setting is in Texas, and the setting is a small town in Texas. I love the setting, and the characters. They are all different, and it's nice to read about them. I was very disappointed with this book. I don't know if I would recommend it to others, but it's a great read.This is a very good read.  I would recommend it to anyone who wants a little bit of history to read.  I would also recommend it to people who want a little bit of"
Toys_and_Games_5,5.0,0,"Our family loves playing games, but no one was looking forward to playing Candyland over-and-over again when our grandson was ready to play games. ""Monkeying Around"" seemed as if it might be an excellent alternative.  The adults in our family who play games and, most importantly, the little ones think ""Monkeying Around"" is a winner. It is sturdy, colorful, and delights our grandson when the monkeys topple the tree. The game is challenging enough for adults - determining balance and distribution of the monkeys - so that they are not adverse to playing this game with the little ones in your household.

""Monkeying Around"" seems to be durable and able to take enthusiastic toddler play. The monkeys are plastic and will not break; we keep them in a Ziploc sandwich bag ton prevent losing them. If the game structure is dropped, the tree trunk which is made of hard plastic could possibly break, so we do put the assembled tree out of reach when not in use. The spinner is probably the weakest aspect of ""Monkeying Around"" - it does not spin particularly easily. A better option would have been an arrow-shaped spinner attached to a cardboard square with the numbers and large monkey printed in the different segments.

Players will learn to make decisions when each must decide where monkeys should be hung.  Little ones learn there are consequences for choosing to incorrectly place the monkey. Further, the game teaches a child to think about balance and weight distribution when deciding where the monkeys are to be hung.

""Monkeying Around"" is an excellent way to introduce games to a child. The recommended age range of 4 and up is probably appropriate; at 3, a toddler may not fully understand taking turns.  However, ""Monkeying Around"" is an excellent way for a child to begin understanding that concept."
Home_and_Kitchen_5,2.0,0,"This is my second Cuisinart hand blender in this model (I sadly left the older model in Texas with a friend) and I am incredibly disappointed in the new ""feature"" of having to hold down the speed button and then, USING ANOTHER HAND, press the ""lock"" button. It's not like the lock button is in an easy to reach place with one's fingers...nope, it's right at the top of the device, making it impossible to safely reach around, up, or over with the same hand, thus rendering this once single-hand device useless as a single-hand device.
You really hosed this one, Cuisinart, and it's probably because you had to because some twat stuck their finger in the blades at one time, so now the rest of us suffer thanks to idiots."
Toys_and_Games_5,5.0,0,"Item was delivered promptly and placed where I requested it to be left. I am disabled and home alone so there is no one to pick up mail and packages for me. Our front door/porch is facing the street and is wide open. Our street has been known for many packages stolen through many years. Also, The front door leads to a hallway (2 family).  Neither of us have ever used the front door. I have always used the door upstairs in back of the house and our neighbor uses their side door.  Anyway, along with other reasons, I prefer that my packages be delivered either ON the back steps (first platform) OR the top of the stairs on my porch, especially if pkgs are big/heavy. I have medical supplies delivered and do not want them stolen. So THANK YOU!!! for making sure the mail-person followed directions."
Kindle_Store_5,4.0,0,I love breakfast so this one was a good find.  A different take on breakfast but still tasty.  Would recommend to download.
Toys_and_Games_5,3.0,0,"We bought this thinking it was a good price but really for the same amount, you could buy materials for many more bracelets. This one only  lets you make the 5 or 6 that you see.

We bought this for a 9.5 year old. She couldn't really understand the directions. I read them and once I got the knack of it tried to teach her, but she couldn't do it. In the end I had to make them myself and give the bracelet to the original gift recipient. Thus my thinking that it would have been cheaper to buy the materials and make the bracelets the gift.

I will say, we didn't know the girl well ahead of time, so we weren't sure of her crafting level. At 10, friendship bracelets were all the rage in my school, and all the girls were making them on the playground or between breaks. But not every kid is adept or interested.

Additionally, for just a small bit more you can buy a kit from the same company which contains many more materials. Skip this kit."
Books_5,5.0,0,"Embrace My Heart is the story of Qasim Wilder and Vectra Bauer who met through Vectra father whom Qasim had a business relationship with. Qasim and Vectra became friends but her last relationship ended, Qasim decided that he no longer wanted a friendship with her he wanted more. Although they are both dealing with issue from their past Qasim was determine to show Vectra the love they both desire. Qasim is very possessive when it comes to Vectra and he let it be known up front that she belongs to him and to keep your hands off of her. This is a very good book and I highly recommend it. I cant wait to read the sequel. Go out and get you copy, you will not be disappointed."
Tools_and_Home_Improvement_5,5.0,0,Low water pressure where it was difficult to rinse your hair. This made the world of a difference. Can actually was your hair and get the shampoo out.
Home_and_Kitchen_5,5.0,1,"This is a nice set of containers, and the instructions are very easy to follow. I'm very pleased with the quality of the containers"
Kindle_Store_5,5.0,0,"I loved this book, right down to the last pages I was not sure what was going to happen  Sparky and Bonnie had a mountain to climb and I won't spoil how it ends , all I will say is WOW"
Kindle_Store_5,3.0,1,"Ughh. I was expecting more from this book. It just wasn't.

The first one was a little too rushed and I"
Sports_and_Outdoors_5,5.0,0,"These chairs are great.  They are sturdier than chairs we have purchased at a local major retailer, more than once.  My hubbie's family has had a long standing tradition of camping every single year, at least once, in the exact same spot in the middle of nowhere.in a forrest for many years before he was ever even born.  He is 35.  He says this is the best chair yet!  I'm not sure why other reviewers' chairs are breaking down, our seem quite durable and strong.  We highly recommend them."
Books_5,5.0,0,"Honestly, I did not expect this book to be this good. Its target audience is young adults, but it certainly is a great read for adults also. I finished the book in one day. The author created a main character you care so much about you just want to read it all the way to the end to find out what happened to him. The idea is creative and the pace is fast and engaging. I highly recommend it."
Pet_Supplies_5,5.0,1,I finally found a joint that will support the knee. I will keep this for the next couple of months. Great product! I will definitely order another!I bought this for my puppy's tank.  It is a good size for her size.  I use it for her water bowl and a
Clothing_Shoes_and_Jewelry_5,5.0,0,"The stated dimensions on the description are overstated in the usable space of the bag. I find the outside of the bag alone are 7.5 x 6.75 x 3. That being said the bag is still large enough for most anything you need in a hurry. Definitely enough for a very comprehensive first aid kit. I use mine for a possible bag instead. It has metal D rings attached to the back that hold a shoulder strap and enough organization room inside for all your essentials. There is enough webbing on the outside to mount any extra things you might need. Mine holds an extra knife and tomahawk. I have the platform mounted to my hunting ruck or go pack then I just peel the bag off, deploy the shoulder strap, and I am off. The zippers are nice mid duty and covered. Covered enough to ward off dust and debris and light water. Dont get me wrong it is nowhere near waterproof but the covering adds some resistance. The mounting platform comes with retaining straps to secure the bag from accidental loss if the Velcro should fail. All the webbing on the inside of the bag is elastic minus the retaining strap for the pockets allowing you to secure your load without having it rattle around. Overall very nice bag.

I must disclose that I received this product at a discount for thorough testing and evaluation and an honest and unbiased review. I am aware some people disregard reviews from reviewers that received a discount because they think that the review is not genuine. I assure you this is not the case. I myself depend on reviews for most all of my purchases and attempt to provide  information that I would also look for in the products I test and I only test products I myself  would purchase. The views expressed above are my own and untainted. Please feel free to ask any questions you may have and I will do my best to answer. If you found this helpful please click YES below."
Kindle_Store_5,5.0,0,"I want more, I need more! Really different, well thought out. Well done, a lot of potential, I see a series based on this. I hope I am right."
Toys_and_Games_5,3.0,0,"My 2yr old received this on her 1st b-day and she loved it. This was her first experience with using crayons in the tub, and it was a treat while it lasted. My biggest complaint is that the crayons ""shorten"" rather quickly so...as they shorten, the harder it is for little and big fingers to get out. It used to frustrate her so I stopped letting her use them. Now she uses the Dorothy fish bowl as a fun water strainer. Elmo is great too, he dries quickly, overnite and he is good to use as a learning tool for the young bather."
Sports_and_Outdoors_5,5.0,0,Hard to top this Engel for keeping minnow alive. I had it in my shop and kept minnows alive for over a month but changing off half the water every week. I now have a 30 I plan to use to hold my bait and use this one on the boats.
Movies_and_TV_5,5.0,1,"Great Story, Great Plot! But, it's just too much for me.

The movie has a couple of extra scenes, but, they're just too short to be worth it. The only extras are the special features, which are nothing special. This movie is still worth seeing.

So, I won't give it 3 stars, but if you like the movies, give it a shot.Love it!I was happy to get this film and a good price for it.  I had to wait a little bit for the DVD, but it was well worth it.  I loved it and am glad I bought it.  I would recommend it to anyone.This was a great movie and the acting was good. I loved it and the story was good. I will watch it again and again. It is very good and I would recommend this movie to anyone.Very funny, very well written and acted. I will watch it again. It is very good and I will watch it again. It is very good and I will watch it again.I love this movie! I have watched it more than once and will be watching it again soon. I loved it when it was released in the late 90's.  I also liked it when it was released in the late 90's.  I know that this movie is well-done and I enjoyed it very much.  It is very well-acted and very well-acted.I liked this movie, but I didn't know it was going to be good.  It was really good and I liked it.  I felt like I wasn't watching it, but it was still"
Electronics_5,5.0,0,Nice and affordable fans. Pretty quite if you ask me. The glow is not overbearing but gives a nice blue glow to your computer.
Electronics_5,1.0,1,"No way to set a time limit, and the instructions are a lot more difficult to follow than the other two.  The time limit is also very confusing.  After a while, I just start to look at the time on the clock and it is very confusing.  The instructions are not exactly accurate, but I guess it will eventually get better.  I think the instructions are a little misleading, but I don't think it is really important.  It's very frustrating.  I have to get my computer to restart"
Movies_and_TV_5,5.0,1,"Good. Much more involved than what I expected. Great show.

The only reason I gave"
Kindle_Store_5,5.0,1,Not for the faint of heart. The story is a good one. There is a strong female lead and an interesting plot. I liked how the main characters were not so much strong as they were. I found myself in situations where I was thinking about the man who was the hero. I felt a bit lost with the heroine and I felt the need to bring up the idea of the heroine
Kindle_Store_5,4.0,1,I really enjoyed this book!  I love the characters and the history. I would recommend this book to anyone. The author is a good writer!I love this book. The story line is great. The characters are well developed. This is a great series. I recommend it. I received this ARC in exchange for an honest review. I really enjoyed this book. It had me wanting to know what happened. It was an interesting story and I'm glad it ended. I enjoyed the characters and the story. I'm not sure how I feel about this author or the other authors. I really enjoyed this book. I can't wait to read the next book. I have read this author before and she is not my favorite. I have read all her books and have enjoyed them. I look forward to reading more.
Pet_Supplies_5,5.0,0,This stuff is awesome! It clumps really well and my little kittens track so much less litter! I was using one of the new litters that is really light weight and it stuck to their paws and got every where. This litter is barely on the floor at all. I'm very happy with it.
Toys_and_Games_5,5.0,0,"Sturdy, so cute and my 1 & 4 year old love it!!"
Pet_Supplies_5,5.0,0,Great item. Doesn't work for all cats but that doesn't mean the product is bad. Some of my cats don't like catnip. Just know your cats.
Toys_and_Games_5,5.0,0,"A few things to remember:

1. When you use the O Scanner make sure you scan all the way because if you don't it won't tell you the combo name. Also, you can put the medals in different orders and it still will work. You can even have 3 head, 3 torso, or 3 legs medals and they would still work. There are endless combinations you can use.

2. Use Velcro and luggage straps so you can adjust the belt to your size. It's far cheaper than buying the extension belt.

3. The medals are smaller than they appear. In fact I was shocked at how small they were.

4. Make sure you buy all the combos including Burakawani so you can have fun with it. I already purchased the superbest nine medal set and the Burakawani. Yes they cost big bucks but it's worth it."
Books_5,5.0,1,"Two stories that are intertwined are ones that are very close to each other, and the reader has to wonder what the story is about.  The characters are very well-developed, and the story is well told.  The main character, Tori, is very interesting.  The story is a bit too"
Home_and_Kitchen_5,5.0,0,"I am loving this!!  It's the perfect size... big enough for any dish!  Nothing sticks, it heats quickly, and the two handles are great!!"
Kindle_Store_5,5.0,1,"love it on kindle - it has the right amount of romance, suspense, and a strong heroine.
"
Books_5,5.0,0,I love reading historical novels. And this one is really good. The character of Kate Chase is so interesting and this book brings her to life.
Clothing_Shoes_and_Jewelry_5,4.0,1,"They're fine. I wish they had an option for the ""back"" zipper that makes the buckle look more like an extra-wide belt, but they're not. They were made well, and I still wear them. I'm hoping they last a while. I ordered these for my sister. She loved them. I did have to give them away because I received so many compliments. I just wish she liked them more."
Toys_and_Games_5,3.0,0,"Recipient loved it, a lot. However, what's not so lovable, is the mess. It's also too expensive, in my opinion. As long as you don't mind the price or the inevitable mess of water and glitter everywhere, go for it."
Kindle_Store_5,5.0,1,"This was a fun and quick read, with lots of action and suspense. The characters were well developed and well developed. The story was well told and the flow of the story was good.The author had me on the edge of my seat. I love her characters and the way the book flowed. I loved how the heroine was able to keep me up late to finish the book"
Movies_and_TV_5,3.0,1,"Farewell Friend aka Adieu L'Ami/Honourable Guest)

""Two"" by Frank Sinatra

""I'll Never Forget You"" by Guy Hamsik

""Jude and the Tantrums"" by G. I. Joe

""I'm Sorry"" by Ray Charles

""The Man with the Golden Gun"" by John Lennon

""The Man with the Cap"" by George Bush

""Funny"" by M. Night Shyamalan

""The Man in Black"" by E. T. ""My Own Little House"" by Shirley Temple

""Goodbye"" by A. J. Dillard

""The Man in Black"" by James Cameron

""The Man in Black"" by Arthur C. Clarke

""The Man in Black"" by Arthur C. Clarke

""My Own Little House"" by Shirley Temple

""I'm Sorry"" by M. Night Shyamalan

""The Man in Black"" by E. T. ""The Man in Black"" by Arthur C. Clarke

""The Man in Black"" by E. T. ""The Man in Black"" by M."
Kindle_Store_5,5.0,0,This is part of the Families War? series. War in the far future with a slightly strange group of heroines. A fast pasted and interesting story. A neat series of technologies that make everything sound possible.
Toys_and_Games_5,4.0,0,"I received this LPS spa set free from Hasbro for my daughter to try out. My daughter LOVES this set! she loves that she can change the background, and loves making up storys to play with this and the other sets she got for free. i would give this 5 stars but it is a bit flimsy. other than that it's playing with LPS all day long!"
Sports_and_Outdoors_5,5.0,0,The front light fit on my large diameter carbon fiber handlebars with some difficulty due to working around 2 cables. The rear lights were a bit lose on my seat stays but clipped firmly onto my saddle bag giving excellent visibility. Everything worked well directly out of the container. I feel safer especially as it all works simply and effectively.
Books_5,5.0,1,"Love when 2 imperfect people are caught in the middle of a cold war, and the only one to survive is the woman in the room.  The heroine is a mere ghost, and yet she's a person of deep intelligence, a woman who's learned her"
Kindle_Store_5,5.0,0,Good information to boost your memory! The discussions on how to improve your memory in this book is thorough and the techniques to sharpen your mind is good to implement. I actually learned the different phases of instilling information into our head from this book. A good guide indeed!
Toys_and_Games_5,5.0,1,Melissa and Doug products are always an easy way to expand your collection. This is a great way to get a
Tools_and_Home_Improvement_5,5.0,1,Really nice looking fixture.  We have the wide wooden ceiling fan in our living room and this one
Electronics_5,3.0,1,"good for the price, but it has the quality and sound of a lot of other headphones.  The other two I had were the Apple Bose and the Dolby Soundstage.  The Bose had great sound quality, and the Dolby Soundstage was"
Tools_and_Home_Improvement_5,4.0,1,"Got this on sale for $8.00 and it works great.  The only thing that is a little off is the plastic part.  The plastic part is a little loose and that means it won't fit in the studs on the car.  I'm guessing they have a rubber seal to keep the plastic part from falling out.  I'm not sure how you could get it to fit, but I'm sure it"
Pet_Supplies_5,3.0,1,I have put this in a bathtub with a large water dish and my cat loves to drink. I had to replace the bowls with some other plastic ones because it is so thick. The only problem is that it was a little too big for my two cats.
Toys_and_Games_5,5.0,0,"Love these for our homeschool classroom and use them DAILY! wonderful tools for physical representation of math concepts and even story starters. good quality and tough enough to stand up to 4 kids, one of which being a toddler and one being autistic. Buying more sets soon."
Kindle_Store_5,2.0,1,"A story about pregnant women, an island with a distinct culture, and how a woman can overcome her self-doubt and strength to survive and get through her teenage years.  This is a very well written story.  I would recommend it.This was an excellent read. The characters were strong, likable,"
Movies_and_TV_5,2.0,1,"<a data-hook=""product-link-linked"" class=""a-link-normal"" href=""/Annie-Hall/dp/6304907729/ref=cm_cr_arp_d_rvw_txt?ie=UTF8"">Annie Hall</a>
It's an entertaining movie, and I'm not sure if I would recommend it to anyone.  The movie itself is entertaining, the acting is good, and it's worth watching.  It's a very entertaining movie.  This movie is still worth seeing.  I recommend it to anyone who enjoys funny movies.  I hope you enjoy this movie as much as I did.Love it!I was happy to get this film back on DVD, so I can buy it again.  The editing is great, and the acting is great, too!  There is a scene where a young girl is at the end of the movie, and she is talking about how much she loves the movie, and how she loved it, too. "
Books_5,5.0,1,The books are a perfect blend of suspense and romance. I will admit that I was a bit disappointed
Kindle_Store_5,5.0,0,"I've been sitting on this story, I know I needed to read it, already read Tying The Knot but I just couldn't make myself. I knew it was going to make me feel all the emotions and just needed to prepare myself for it! So what do I do?? Decide that 3 am is the perfect time to dive in, and yep I was swallowed by this story, it had me from page one, and now I'm laying here, just done....mega book hangover. Thalia and James, it was impossible for me to not love them and this twisty, turny story just gave me even more reasons. And yes, I cried like a baby and it was awesome! I know this was a short, no real info review but my mind is fried, this is the best you'll get! Just be ready for the impact this will have on your emotions, unless you're a heartless unromantic slug, LOL!!"
Toys_and_Games_5,5.0,1,Got many years out of this toy and the kids love it.  My son loves this and we
Movies_and_TV_5,1.0,0,Bought it cause my wife likes the movie. My wife is a cheating witch though.
Movies_and_TV_5,2.0,0,"Ok, I'm putting I don't like it because I watched it 2 weeks ago and I've already forgotten everything about it. So I must not have liked it. I only know it was in sub-titles. Can't remember a single other thing."
Tools_and_Home_Improvement_5,5.0,1,"I use it with an old Bosch system and it works great.

The only downside is that it's very dimmable, which is"
Clothing_Shoes_and_Jewelry_5,2.0,1,"i have Luminox watch. the time is easy to read and the timepiece is beautiful. I ordered the other pair.the best watch I've ever owned!I bought this for my husband for Christmas.  It is a lovely dress, very flattering.  I am 5'6"" and it was a little tight on the chest, but the length was perfect.  He has a very thin chest and it was perfect for him.  The material was soft and well made.  The material is very light weight and the color is very vibrant.  I would highly recommend this dress to anyone.I have a long torso and these shoes are not too big.  I am 5'9"" and they fit well, but my feet are tall and the toes are not"
Clothing_Shoes_and_Jewelry_5,1.0,1,"runs very small
I wear size 13.5 wide and these fit perfect.
The heel is just right."
Pet_Supplies_5,5.0,0,"I'm pretty impressed with this litter trap mat. The material is spongy and soft for the cat to walk on and it's big enough to cover the entrance to our litter box while still providing a lot of cover on either side and in front so the cat can't just jump over it on the way out. The spacing of the material is wide enough so that it really can be vacuumed and shaken out (the previous litter trap mat we had was made from a similar material but once litter got in there it was very hard to get out even after vigorous shaking or vacuuming). It's also a little thicker so that it doesn't feel flimsy. I've had some half-circle litter trap mats and they seemed like a good idea but left too much space on the sides of the entrance. This one covers everything. I really like this thing. Some reviewers mentioned a strong plastic smell when opening this and that's true but it's not a big deal. It's a mat that sits outside your cat's litter box, so plastic odor is not a big deal.

It's definitely not perfect and doesn't catch all litter, but with good positioning it captures most and that perfect product that does it all hasn't been invented yet."
Movies_and_TV_5,1.0,1,"Screen menu doesn't allow you to select the menu, which is a nice bonus. I was tempted to give this movie a 3. 5 out of 5, but it was a 4. 5. The only complaint I have is that the picture is very grainy. I would have preferred the picture to be clearer, but the picture is still very grainy."
Toys_and_Games_5,5.0,1,My son and his friends are both enjoying this game. It is easy for him to learn and he is so impressed with
Home_and_Kitchen_5,2.0,1,"I just received package today, and it arrived with a very small opening.  The dimensions were not what I expected.  The plastic parts are very small, and the cover is very large.  The opening is not in good shape, and it's not very secure.  The packaging is not exactly accurate, but I"
Pet_Supplies_5,4.0,1,It worked great for my dog. The only problem is that it did not work for my dog.I bought this for a friend's cat and she is a huge fan of
Tools_and_Home_Improvement_5,5.0,1,"I picked up these knives and have been using them in the last couple of weeks. I'm very pleased with the quality and the design. The blade is a solid, strong, straight edge. It's not a large, heavy blade. I don't think I would buy a Makita knife with a large blade, but I'll try one with a smaller blade. I just wish the blade was a little wider to allow for more torque. Overall, these are very nice knives for the price. I've only used one of them so far."
Clothing_Shoes_and_Jewelry_5,5.0,1,"They're a bit bulky and not comfortable, but they're good enough to wear for a few hours.I bought this for my son,"
Clothing_Shoes_and_Jewelry_5,4.0,1,I was looking for some nice stretchy shorts and these fit perfect.  They are warm and stretchy so I had to get a size down.  I wear a 6 in
Home_and_Kitchen_5,5.0,1,"Cheesy, but so awesome. Looks nice on the counter, and I will keep my cheese in it.Great product. Great price."
Clothing_Shoes_and_Jewelry_5,2.0,1,"This shows no signs of wear. The only problem is that it's a little too large. It is so small that it looks like a small, but if you're a medium it's just a little too small.

I think it's going to be a"
Books_5,4.0,0,Never ever thought I'd be interested in a period piece that had a focus on history and science!! But she pulled me in and i enjoyed the ride.
Home_and_Kitchen_5,5.0,1,"Even though my shams were not as well as the ones I had received, I thought this one"
Kindle_Store_5,1.0,0,"""Void Star"" by JP Yager is IMHO an amaterurish, attempt to write an adult mainstream sci/fi adventure story. The prose is simplistic and aggravating. Not my cup of tea so I stopped reading at the end of the 3rd chapter..."
Toys_and_Games_5,4.0,1,Great for littles who can't go outside and play outdoors. I also love that it's a
Clothing_Shoes_and_Jewelry_5,4.0,0,"i am size 12 with a bmi of 28, and its a bit tight on me. Does not flatter my waist area! Just moves the pudge down. I have every confidence this will look much better when i drop another 15lbs. however, it is well made and i have no complaints about it. Have to expect that a one size fits all item might not have an ideal fit."
Books_5,4.0,0,I enjoyed this book and the candid point of view of today's churches.  I recommend for anyone searching for answers about today's biggest problems in the local church.
Tools_and_Home_Improvement_5,5.0,0,"I bought this last week because I am working on a 12ft high x 36ft long x 4ft deep childrens playhouse.  There was no way I was hammer nailing all of the roof shingles, trim, etc...  So I went on line and saw this package.  Let me say that it is AWESOME!  It looked brand new.  There was no visual signs of any prior use.  Other than ""Inspected by 3-1"" stickers on everything you would think it was brand new.  I have used over 4000 Finish Nails, and over 2500 Finish nails since it arrived (I haven't used the stapler yet).  It has performed flawlessly.  I am so glad I got it.  It is a great value!"
Electronics_5,3.0,0,Very nice for the money but this cannot hold tight when tilting.  It's like you can't tighten it enough with that knob.  I had I manfrotto that is pretty much its competitor and paid 3 times as much.  If you have a light set up its probably okay.  For my set up it does work and the price was great but my manfrotto works 100% with no worries so you still pay for what you get.  Benro is value manfrotto is quality.  You have to pick which is more important for you
Kindle_Store_5,3.0,0,I like the story line and the characters had potential but I felt the story was rushed and jumped to much I couldn't enjoy it as much as I usually enjoy shifter stories. Has potential when the next one comes out.
Home_and_Kitchen_5,5.0,1,"I purchase a lot of this type of coffee maker. I have a lot of small stuff and this is an exception. The plastic parts are very sturdy, and the cover is very sturdy. I have had no issues with the cover sticking out. I would recommend this to anyone who needs a coffee maker.Works great. I keep them in the car and on the road so I don't have to worry about them falling off the car or on my motorbike.This is a great product for the price"
Electronics_5,1.0,1,Didn't work with my foscam.  The only way to fix it was to use
Sports_and_Outdoors_5,4.0,1,I used this netting for a couple weeks with the stove set on a 4 person camp stove and we had a great time. I am using it for the colder months when it is not necessary to set up the stove in the basement. The poles are thin and compact. I would not recommend this netting as a net to keep things dry. I have not used it as a net but I do like the fact that it is made in the USA. I will buy another one
Movies_and_TV_5,4.0,0,"What a wonderful movie this is! The triumph of form over content portrayed with icy precision. Characters acknowledge each other  mostly in terms of self-absorbed one-upsmanship. Surface and ritual reign supreme, indeed characters confuse each other's identities with neither thought nor consequence. Sex, for Patrick Bateman (as probably for all others) is  an expression of vanity and power, nothing more. Patrick Bateman's only moments of true passion and fulfillment occur when he kills. Irony and paradox: does he kill so as to feel alive and vibrant, or does he kill precisely to feed his need to suppress feeling, like an alcoholic drinks to suppress his need for alcohol. Feelings, after all, are messy, not very elegant.  Irony itself conveys a measure of elegance. Thus the movie comments on itself. AmPsy is not really satire. There is no real madness or wackiness here, nor does it carry that element of pratfall, grotesquerie, reality turned inside out to affirm itself, which underly satiric points. It's a disquisition on a decade, a perspective, a way of being that is still very much part of us today. Perhaps now we do it a bit more vulgarly.  There is keen pleasure in realizing that the camera itself, more than words, is the scalpel for the irony which defines this chilly tale. I bet the screenplay is relatively short. Don't miss this film. It's also very funny. You just have to meet Patrick Bateman, a really swell guy."
Books_5,5.0,0,Great story about the Polish underground and the little told story of their effort to rescue victims of the Natzi reign of terror and death.  The role of the depleted Warsaw zoo is fascinating.
Tools_and_Home_Improvement_5,5.0,1,"The colors are subtle but not overly noticeable.  The two lights are also very well lit and the other two have the same brightness, both of which have a white background.  The light output is well balanced and the light output is very bright.  I use it to provide a warm light to my family's room and it also provides a warm"
Kindle_Store_5,4.0,0,"I could sense the author's presence in this book of short stories; I almost felt as if she were reading them to me. I believe she is highly invested in her characters.

The stories, as indicated by the book's title, are grim, dealing with issues such as mortality, helplessness, identity and revenge. The story that resonated with me the most was The Promise, which partnered innocence with malignant intent. The resolution is tragic.

The stories are arranged in segments: Short, Shorter and Shortest. For me, the Shortest stories are presented more as ideas than as full tales, and need more content. However, the ideas are solid. I think that with a little time and polish, Alisha ""Priti"" Kirpalani will be a name to watch in the future."
Books_5,5.0,0,"I fell in love with the illustrations in this book.
The Sandman brought this to my son, as a present for sleeping in his
own bed the whole night.
The story is sweet and it's a good bedtime story.
But the real prize here are the beautiful, dreamy pictures throughout."
Toys_and_Games_5,3.0,0,"Lower end toys, but they are what I ordered. Excellent for the price"
Electronics_5,5.0,1,"The backpack is just what I needed and the materials are good enough.

The only downside is"
Pet_Supplies_5,5.0,1,"These are well made and are easy to clean.  I will keep them in the house and use them when we go to bed.  The only thing I would not recommend is that they are not made in China.  I would not recommend them if you don't have a lot of money.  I have a German shepherd and a German Shepherd and both are very strong and strong dogs.  I recommend these for both of them.  It's easy to clean and easy to wash.  I would highly recommend these for both of them.  I would also recommend them for a larger dog.  They work great.  The only negative is that the squeaker is on the lower part of the collar.  If you have a larger dog, you might want to order a second collar"
Toys_and_Games_5,5.0,1,"This is set up as a set, with the instructions included.  There is a button that activates a two-step video recording, which"
Sports_and_Outdoors_5,4.0,0,Good Red/Green Dot scope. The dot itself can block out small targets at a distance but is generally good to 100 yards or so. Well worth the money.
Books_5,5.0,0,I loved this book. I've read a lot of the books on grain brain and paleo-type lifestyles. This was one of my favourites because it was so easy to read and presented the most compelling research. Dr Perlmutter makes it very hard to dispute that grains are not great for our bodies. Definitely worth a read.
Sports_and_Outdoors_5,5.0,1,"This bike helmet mirror is perfect for the wide brim. I will be purchasing a second one for my other two bikes. The front sight is perfect for the wide brim. The rear sight is perfect for the wide brim. The mirror is very well made. This is my second helmet mirror. I have used it for a few years and I can say that it is a very good product. I would recommend it to anyone.This is an excellent product. I have used it for a year and have never had any problems with it. I use it for my elliptical and it works very well. The material is sturdy, and the straps are not too tight. The only problem I"
Home_and_Kitchen_5,5.0,1,"I don't usually take the time to explain why it is good, but this is a nice one.I bought this for a friend, and she is a very tall woman. She is very happy with it. It does not stay in place. I would not recommend it.Great for the price.  I have a large pool and I had to make a big pot of soup"
Kindle_Store_5,4.0,0,"This book l was a short, erotic read. I did enjoy it, but it was too short for my reading preferences. Hence, only a 4-star. But still an enjoyable read."
Kindle_Store_5,5.0,0,Really liked this trilogy. Read all three one weekend. Great characters in all the books.  Loved all the Girls and their choices of life direction.
Electronics_5,5.0,1,"So nice to have an easy set up.  I've also used this for a few hours.

"
Books_5,5.0,1,"What a thing to have in a book.  I've read a lot of books by the author and this one is no exception.  The writing is beautiful, the story is moving and it's well written.  The characters are well developed and the plot is interesting.  The book is a fast read and"
Toys_and_Games_5,5.0,1,High quality ballooon. huge!!! Still plays with it!!We love this toy. My son loves it and we have two small cars.
Movies_and_TV_5,1.0,1,"This film is chaotic and it takes you into the world of the Ghetto, the ghetto, the ghetto, the ghetto, the ghetto.  The film is not a great film, but it is a great film.  I would recommend it.This movie is excellent. The acting is outstanding. The storyline is interesting and the directing is outstanding. The story is a little slow at times but overall it is a fun movie. I recommend it.I like a good movie, but this one is lacking in quality. The story is too long, the characters are"
Clothing_Shoes_and_Jewelry_5,3.0,0,The fit was great but the quality of the adhesive was not :(  I loved not having to wear a bra but I had to worry about them coming off which 1 did... For the cost of them I was hoping for a better quality of adhesive. I will not be purchasing these again and do not recommend either.
Clothing_Shoes_and_Jewelry_5,3.0,0,"I wear an 8-1/2 shoe so I ordered size 9 (U.S.) in these and they are narrow across the foot and in the calf area. I can barely get them on over thick socks or any type of pants leg. The heel is clear, and I don't like the look. I just bought them for out in the yard. They will do for that, but I would not wear them out in public."
Electronics_5,5.0,1,i love these headphones and I will be buying more. works great. Nice little speaker! Works great. Great price!Works great. The sound is great.
Kindle_Store_5,2.0,1,"So apparently I bought this book because I thought it was good enough. The premise of the story is that the two people, both with disabilities, are trying to find a way to make it into a happy life."
Sports_and_Outdoors_5,4.0,0,Heavy duty.  Built to hold a holster or other tactical supplies.  Well made and durable.  I'm not sure how the velcro will hold up with time.
Electronics_5,5.0,1,"Great seller, item delivered as promised.Great Product!Very good quality.Nice little speaker! Works"
Clothing_Shoes_and_Jewelry_5,5.0,1,"awesome watch, loved it from the start and the price. I will keep it for a long time."
Books_5,1.0,0,"Unfortunately, I just finished ""Wild Fire"" and am sad to report that DeMille's quality is continuing the slide downward that began with ""Night Fall"".

Through his magnus opus ""Up Country"", Nelson DeMille was my favorite fiction author. But in his last two books, he's decided to weave his stories in and out of catastrophic real-life events. I frankly don't care about John Corey's posiiton on George W. Bush or when to invade Iraq...I appreciate an author who creates an entirely new universe and populates it USING HIS IMAGINATION. Just like DeMille used to do in his other novels. Shoehorning real life events into his recent books has taken priority over a strong narrative and the storytelling suffers under this neglect. It's a blatant attempt at broadening his appeal that does so at the detriment of his longtime fans' intellect.

It's also worth noting he's writing books now that run about half the number of pages his past work offered. It's been pointed out he has contractual deadlines to deliver a book every November...I personally don't feel like this is a valid justification for the startling decrease in pages and by extension, story.

Overall, it's sad to realize that the author whose work I fell in love with is no longer committed to the same level of quality he used to consistantly provide."
Electronics_5,4.0,1,"First off, let's address the issues mentioned above:

1. The USB port on the back is a little too short for the Apple iPad Mini, the plastic part on the front is too long for my iPad Mini, and the back of the iPad Mini is too long for the USB port on the front.
2. The back of the iPad Mini is slightly too long for the USB port on the front of the iPad Mini, and the back of the iPad Mini is slightly too long for the USB port on the back of the iPad Mini.
3. The front of the iPad Mini has a little bit of a squish on it, which can make it difficult to see the iPad Mini on the screen.
4. The back of the iPad Mini has a little bit of a squish on it, which can make it difficult to see the iPad Mini on the screen.
5. The back of the iPad Mini has a little bit of a squish on it, which can make it difficult to see the iPad Mini on the screen.
6. The back of the iPad Mini has a little bit of a squish on it, which can make it difficult to see the"
Kindle_Store_5,5.0,0,Wow! This book is awesome. I don't even have words to describe how great. Add this to your MUST READ! I loved it T. K.
Tools_and_Home_Improvement_5,5.0,0,I use this on my fish aquarium and it is the best i could find. dual outlets are nice. wish you could control each separately. i picked this because it is digital and has a built in RECHARGEABLE battery. It'll stay program despite power outages. Never thought I could like a wall outlet so much.
Books_5,5.0,0,"I think I have read ""The Hobbit"" three times and enjoyed every page this fourth time. Each time I read little details that I missed before. My grandson was reading the book from school and when he left I needed more of the hobbit tale so downloaded it from Amazon. com to my Kindle. In just seconds, I was reading."
Toys_and_Games_5,5.0,0,"Reading through the reviews, people kept on saying about how the ""No more than four of any one card"" is a lie, but I decided to take a gamble on this anyway.  I am pleasantly surprised. I sorted through them, most cards are 2X, a lot of them are 1X, some are 4X, didn't notice any cards that were more than 4 of a kind, but I might have missed some.

Total number of cards received: 1139 (1138 English, 1 Russian)

Color breakdown:
White: 204
Green: 189
Black: 152
Blue: 202
Red: 180
Artifact: 63
Multicolor: 41
Eldrazi: 1
Non basic Land: 4
Land: 100 (20 of each color)
Token: 2

Quality breakdown:
Common: 877
Uncommon: 148
Rare: 5 (1 of the rare is signed by the artist)
Foil common: 2

Do not buy this if you are an advanced player that's looking for cards to use for tournament play.  Many of the cards are not tournament legal.  I personally like it better because I like to collect some of the older cards for their artwork. Some old cards date back to Ice Age (1995), 5th edition (1997) etc and range to the new ones like M11 and Scars of Mirrodin (2011).

I like to recommend this but remember you don't know what you are actually getting. They are mostly commons and some cards are old and a few are not in the best condition. If you are looking to expand your collection and adding more old cards, go for these!  Maybe I got lucky, but I'm very happy with what I got."
Clothing_Shoes_and_Jewelry_5,2.0,1,These jeans fit weird - not stretchy at all. I normally wear a size 10 and ordered a
Kindle_Store_5,5.0,1,I'm so glad I was able to read the first part of this series!  I was just blown away by the story and the characters.  The characters were so well developed and kept me turning the pages
Kindle_Store_5,5.0,1,"Don't think kindle unlimited, got this book free. It is a great book for a beginner. If you like reading stories about the people, places and people around you, this is the book for you.

This story is a perfect story for a beginner. It has characters you will love and a story that will keep you guessing. I can't wait to read the next book in this series.This book was very good. I love the characters. I loved the way the story went about getting to know them. I would recommend this book to anyone who enjoys a great romance.I enjoyed this book and am looking forward to reading more from this author.This was a very good book. I enjoyed this book."
Books_5,1.0,1,"Story line was good but not a whole lot of fun. Overall, I was pretty disappointed."
Toys_and_Games_5,4.0,1,"Nice necklaces, but they are not a huge deal.  I will admit that my daughter was pretty bummed when she saw the shimmery glitter and then the plastic glitter. "
Electronics_5,3.0,1,Battery life is approximately 4hours.  I have an iPod touch 2nd gen that is about 4
Sports_and_Outdoors_5,5.0,1,We had bought these for my wife and she loves them. She also loves the fact that they are so small.
Sports_and_Outdoors_5,5.0,1,"I originally returned this product, but I thought it would be better to make a small size one.

I had a friend who was a lifetime member of the Marine Corps and wanted to go to war in the Middle East, so I ordered this as a gift for him. He loved it and said it was a great addition to his military uniform."
Kindle_Store_5,4.0,1,"Long Paw of the Law (Criminal Justice and Governmental Affairs) Book 2:

While the two main characters are the most typical and the most dangerous, the main characters are truly amazing. They are both good people, loyal and independent. Their journey to finding each other and a path to a happy future is emotional, heart-wrenching and heartbreaking. They are just such a wonderful couple."
Tools_and_Home_Improvement_5,5.0,0,"Not my first rodeo with these tools. Top notch seller, also arrived well before slotted date. Use as it was intended to be used and this well built pro tool will meet your needs and then some. Bill in W.V. Update 11/17 Still going strong, and has out lasted my m12 Milwaukee. Started in late 70's at Pontiac dealership with air ratchets, they were great back then, but you was always watching the hose as not to drag across customers car even with finder covers. Much better tools. The only problem is I'm the one wearing out too fast. Honestly great tool, Bill"
Electronics_5,5.0,1,"The price is good and looks great, the materials are good, and the case is strong and durable.  The only thing I wish was that the plastic was a little thinner, but that it"
Books_5,5.0,0,I really enjoyed going back and find the beginning of the other books in this series that I have read . I sure didn't get any work done today just read and read.
Electronics_5,3.0,1,seems like more of a stylus than a pen. I will admit that I have been using the pen a bit more than I
Sports_and_Outdoors_5,5.0,0,Great low price for a nice bandolier. The shells fit very tight when installed in the sleeves. I don't feel like they'll fall out when I'm in the woods or at the range. I'm able to store different gauge buckshots and slugs on the same bandolier.
Toys_and_Games_5,4.0,1,I bought this as a gift for my son's third birthday.  He loves the music and the lights.  He is very happy with this toy.I bought this for my daughter's birthday party.
Home_and_Kitchen_5,5.0,1,"Parchment paper for cooking cookies, cookies, and cakes.  I also love that it's removable and can be removed.  The plastic is solid and is easy to clean. "
Home_and_Kitchen_5,5.0,0,Great curtains! Thick and great quality! Blocks out light and quite a bit of sound.  It's hard finding blackouts at such a long length. Very pleased.
Books_5,5.0,0,Grisham seems to always produce a good read and makes you a part of the ride. Highly enjoyable and recommend to all.
Home_and_Kitchen_5,5.0,0,"I bought this rug pad to replace a open waffle-type rug pad that I had used for many years. My, how crappy the waffle-style pad is in comparison! This is easy to trim down to size with decent scissors, and it feels great underfoot. Also, there is absolutely zero slippage."
Tools_and_Home_Improvement_5,5.0,0,"I had to step up to a 3/4"" drive socket to break loose the axle nuts on my car.  I broke a 1/2"" breaker bar so I needed something more serious.  This socket, combined with a 3/4"" breaker bar, did the trick nicely.  It stood up to the abuse of a 48"" long breaker bar with another 2-foot cheater pipe slipped over it, and me jumping on the end of it a couple of times.  No problem!  The socket gripped the nut, didn't slip off or round out the nut."
Toys_and_Games_5,5.0,0,"My son just loves thomas, so when his train broke we had to find him a new one. Found this one on line and it was exactly like his other one. Ordered it and it arrived on time."
Toys_and_Games_5,5.0,1,We love this item for what it is. It is a great starter for a beginner to the game.
Electronics_5,5.0,1,Great camera backpack. I wanted something to carry with me in the car or my bag. I just wanted a pair of ear buds. The Bose is the perfect fit.
Electronics_5,5.0,0,only found on amazon for me. only amazon provides you with quality hdmi cables at fractions of the cost. its impressive and you don't always need those lengthly ones to get the job done.
Movies_and_TV_5,5.0,1,"I had seen this online, and I thought it was pretty good.  The acting was pretty good.  The story was pretty good.  The acting was okay. "
Clothing_Shoes_and_Jewelry_5,3.0,1,"Wear a 7.5, ordered an 8. The wide width is good, but the wide width is just a little"
Home_and_Kitchen_5,1.0,0,The product arrived dried up and useless...perhaps laid on the shelf for years.  Returned it.
Electronics_5,5.0,0,"Inexpensive,and works great. Very securely packed to prevent shipping damage.
The instructions and data were spot on, including voltages at startup and at idle. It has multiple stage charging, going to an idle state when the battery is fully charged."
Pet_Supplies_5,4.0,0,"To be honest it's not great quality, but it's what I expected for a $10 costume. I have a 55 pound, three year old female pit - she usually wears clothes that have a back length of 20 inches, so the length of the X-Large worked well, but her chest is too big to allow the front velcro strap to close underneath her chest. I'll probably rig it with a piece of elastic or something. The headpiece is really, really cheap looking but I wasn't planning on making her wear that anyway, so overall I think the costume is cute."
Home_and_Kitchen_5,4.0,1,Love this quilt. I have had it for a year and I still love it. I have one in my bathroom and the other in my office.
Electronics_5,3.0,1,"Excellent mount, very sturdy and looks great.  It is a bit heavy for my small screen and doesn't move at all.  The mount also is a bit tight to take it off but it's a good mount.  I would recommend it.I bought this to replace a broken one I bought"
Books_5,5.0,1,"Excellent
This review requires that I go back and read the earlier reviews.  This review is based"
Kindle_Store_5,3.0,0,I absolutely loved this book it was such an amazing story my only reason for 3 stars is bc I wanted more of the ending
Pet_Supplies_5,4.0,0,Rachel ray and her group of experts have created a healthy dog food for your pet. My dog a lab mix really likes the taste and texture of this food. He also seems to be very active and it gives him enough energy to keep going through the day. I am really happy about the food and my dog gobbles it down unlike some other brands we have tried.
Pet_Supplies_5,1.0,0,This heater does NOT have a thermal cutoff and will quickly overheat your water when it fails. I had 2 fail at the same time.
Home_and_Kitchen_5,5.0,0,"I didn't even know I needed this bottle opener, and now I'm obsessed. Always conveniently located right on the fridge, but small enough that it's not tacky. Our friends always comment on how handy it is."
Tools_and_Home_Improvement_5,4.0,0,Lamp works like a champ on all settings. Only thing I didn't like is the shade is HUGE. Seems large for the body of the lamp.
Home_and_Kitchen_5,5.0,1,So far I have been using it as a long-term cold storage container for frozen fruit and vegetables.  I had to replace a couple of bottles that had broken in the last few months.  I still use it for
Clothing_Shoes_and_Jewelry_5,5.0,1,my husband says these are perfect. The only problem is that they are kind of small.
Clothing_Shoes_and_Jewelry_5,5.0,1,"These Keen shoes are the perfect size and quality.  I will be purchasing more in other colors.I bought this for my son, who lives in the North Dakota area.  He is 5'3"" and 175lbs, which are perfect for him"
Kindle_Store_5,5.0,0,"DO NOT READ IF YOU HAVEN'T READ Killing Matt Cooper first!

"". . . am I a unique and beautiful snowflake all my own?""

Holy crap John Cassian is one dark, twisted amazing author!! When I read his first book Killing Matt Cooper I was a bit unsure at first, but by the end I was floored. After finishing book two I am speechless absolutely speechless. This is an amazing book and Mr. Cassian is a gifted author. I look forward to reading more of his works.

""Evolution was trying to stamp me out because I liked to swim in the black pool of my own darkness.""

An FBI agent in love with the serial killer she is assigned to capture, it's almost laughable but John Cassian makes it believable. We learn so much about the main character in this book and what attracted Kathleen to him ""There was something...pure about you. Something juvenile, but pure and single-minded and real. You seemed like such a normal guy, such a hard-working, misunderstood everyman, but with this...dark underbelly."" This book is full of OMG, WTF,  I did NOT see that coming and NO! moments that I stayed up all night just to finish it. All I can say now is Mr. Cassian HURRY UP and release Killing Miss Underwood! Before I'm tempted to do something rash. I HIGHLY recommend this book and I believe I have a favorite new author.  I give this book 5++ stars."
Pet_Supplies_5,5.0,0,My Pekinese wasn't too happy after the 3rd bark.  Shut him down really fast.  So he's good for 2 barks and knows what happens after the 3rd.
Tools_and_Home_Improvement_5,1.0,0,"Guys, these Nest thermostats are junk. Don't waste your money and the lousy support / return policy they have.

After trying a variety of these smart thermostats I eventually settled on the Radio Thermostat. It has worked great for many years now without issue. I have several locations and have never had an issue, to date. I hear the Ecobee works better too, but these Nests are a joke. The Radio Thermostat does not have the ""sensing away"" capability, but that is one of many things that will not work well on the Nest you paid $250 for."
Movies_and_TV_5,2.0,0,"Pretty poor transfers. Maybe better than nothing, but still, they couldn't make the transfers look better? Very fuzzy."
Clothing_Shoes_and_Jewelry_5,4.0,1,"A tad heavy but I'm sure it will hold up for a long time. I'm 5'6"" and the"
Kindle_Store_5,4.0,1,"really liked the fast pace and the progression of the characters.

The story was a bit slow for me. "
Sports_and_Outdoors_5,5.0,0,I needed a long 8mm allen wrench to get to the transmission fill plug on my '11 Mustang 5. 0.
Books_5,5.0,0,Ms Binchy expresses in the simplest of terms ... The humanness of the ordinary person. It's a fragile embrace that this writer bestows on each character. In a few short words she creates a bond between readers and her characters. She's a lovely writer who seamlessly brings ideals to the forefront.
Home_and_Kitchen_5,5.0,0,Being i use garlic in almost everything i order this is my favorite kitchen utensil. Makes cutting that garlic so much easier when it gets time consuming
Kindle_Store_5,4.0,1,"Although I purchased the boxed set, I thought it was a good book for a beginner to start.

I had a lot of fun with the characters and the storyline. I enjoyed that it was a little short.

I liked the ending. I liked that it had a bit of a"
Movies_and_TV_5,4.0,0,"Until fairly recently it was only available from the Australian region and I did not, then have a region free player. I have previously seen it three times on the big screen, but always wanted a copy, worth the wait. Colourful, musically splended,  My only disappointment is that it seems I am only able to view it in letterbox mode."
Toys_and_Games_5,3.0,0,"This game is a mixture between worker placement and area control.  Each turn players place their workers on a variety of different spaces that discover and populate parts of the ""New World"", collect trade goods, specialist workers, and battle opponents.

It can be compared to Dominant Species where worker placement is also used to manage the area control mechanics of a game.  I didn't really care for that game and I don't like this one much better.  I do like it a little better because it doesn't seem as abstract as Dominant Species.  The one slightly original mechanic of this game are the specialist workers that provide bonuses based on what action spaces they are placed in.

I think I just need to stop playing these older games so long after their release because I tend not to like them with a few exceptions.  Worker placement has been refined so much and knocked out of the park by so many games since this came out that this game just seems kind of bland and samey even if it was original at the time it was released.  Even the mechanic I labeled as ""slightly original"" where you can acquire different kinds of workers with special abilities has been done and done better by several other games since.

All in all this game was simply bland.  The worker placement piece, which with how much I like worker placement should have been my favorite piece, just seemed ancillary and unnecessary to the area control piece.  The special buildings you could buy didn't do anything very interesting and all of this made the game kind of bland.  The worst was that there was very little to do by the end game, especially the final turn.

It wasn't all bad though.  There are multiple legitimate paths to victory and lots of interesting decisions to make.  It's just not something that has stood the test of time."
Movies_and_TV_5,4.0,1,"Really enjoying this. Characters continue to grow and mature as they continue to grow, and the story continues to expand"
Movies_and_TV_5,5.0,1,"I remember seeing this movie on a TV with the sound of a TV antenna, and I just couldn't get into the movie. The movie is very funny and the actors are very good. I recommend this movie to anyone who loves a good movie.I really enjoy this show.  I love it.  I love the way it shows the different ways people can relate to each other.  I love the characters and the show is very funny.  I think that I will watch it again.I loved it. I thought it was funny, but it"
Electronics_5,3.0,1,"Maybe it was my mistake, but I thought it was a good idea for a small screen. Great product. Great price. I am using it with the TRS-80 and it works just fine. Just be aware that it will not work with the VCR. The device does not work with Android 8. 0 or 9. 0. It's not compatible with the Samsung Galaxy Tab 4. It will not work with the Galaxy Tab S. I have a Galaxy Tab S. It's not compatible with the Samsung Galaxy Tab S. I have a Galaxy Tab S. It's not compatible with the Samsung Galaxy Tab S. It's not compatible with the Samsung Galaxy Tab S. I have a Galaxy Tab S. I don't know if it's the Samsung Galaxy Tab S or the Samsung Galaxy Tab S. I have a Galaxy Tab S. I have a Galaxy Tab S. I don't know if the Samsung Galaxy Tab S is the best device."
Home_and_Kitchen_5,5.0,0,"Love, love, love, my bentgo lunch boxes.  I bought several to give as gifts to my grandchildren, they all use them all the time. Awesome buy."
Kindle_Store_5,5.0,0,"I was lucky enough to win this amaazing book in an Author Event on Facebook, and Oh Boy!!!! I had never heard of Alice K Wayne before, and am now addcited. Hot Alpha males and their lucky ladies meeting and overcoming massive obstacles to be together. Casstiel has got to be at the top of the perfect man scale, and I can't wait for the second instalment of the series. If you haven't read it yet, I highly recommend you give it a try"
Clothing_Shoes_and_Jewelry_5,4.0,1,"Shoe looks great out the box. The only problem is that it's a little too large. It is so small that it looks like a small, but if you're a size large,"
Toys_and_Games_5,5.0,1,My daughter loves this item. We have had it for a few months now and it's been just fine.  The only thing I wish was a bit more plastic was inside it.I bought this for my little one. She loves it. I wish it was a bit
Movies_and_TV_5,5.0,1,"I love all of the old ones, the reruns are great.

The only thing I would change is the video quality, but that is the only thing I would change.

I think this is a good collection, for those who love"
Tools_and_Home_Improvement_5,4.0,1,"I really like this knife.  I have bought many other knives in the past, and this one is a great exception.  I am a bit of a knife aficionado, and this knife is my go-to for every day carry.  This knife is excellent.  The knife is a bit smaller than I expected it to be, but the edge is sharp enough to"
Electronics_5,5.0,1,"works really well for over $200, with the instructions included.  I have a few of the other two Bose"
Tools_and_Home_Improvement_5,5.0,0,Works great with PODs storage units.  I'm sure it would be easier to break the hasp than to open the lock.
Kindle_Store_5,5.0,1,"Well it took me a few minutes to get to know the characters. There were a few moments when I wanted to know the villain, but that was the beginning of the book. There were a few other characters that were just a bit too predictable. This was a good read.I loved this book. I was hooked from the very beginning. I loved it. I can't wait to read the next book in the series. I'm on my way to reading the next book.I read this book in one sitting, and I absolutely loved it! I was so excited"
Kindle_Store_5,5.0,0,I enjoyed reading this book very much. There were a few twists and turns that made this book really stand out over the usual mail order bride books.
Sports_and_Outdoors_5,5.0,1,Works great! Already have caught some trout and the net is good enough. Nice bag for the money.
Tools_and_Home_Improvement_5,1.0,1,"It's a great little set, and has the quality and quality of a lot of other small stuff.Great product. Great price. I am using it for the instruction manual.Great light, nice color, and it's a good value.I use this as a battery replacement.  The battery is a bit smaller than I expected and it's not as bright as I expected.  I will probably just"
Kindle_Store_5,5.0,0,"This the second part of the Hero trilogy and it's more suspenseful than the first. The sexual tension and frustration is still thick between Haze and  Leighton. The story is so well written that as the reader, you feel frustrated yourself. You want these two to just throw away the excuses and realize they are better together than they are apart. With how this one ended, I hope they do.  Frustrating but the tension and suspense makes it worth the read."
Toys_and_Games_5,5.0,0,"This is a very high-quality beautiful doll.  Everything about her is upgrade from the average Barbie doll.  The eyelashes really add a lot, as do the upscale clothing and shoes."
Clothing_Shoes_and_Jewelry_5,2.0,1,This wallet is made of a stretchy material and is very comfortable. The only reason I ordered this is because I had to replace a couple of the plastic wallet slots. The material is thick and it is hard to open.
Toys_and_Games_5,2.0,1,Packs & forms molds like this. The pieces are sturdy and will stand up to abuse.My son is 6 and loves this toy. 
Pet_Supplies_5,5.0,1,"Solid product, shipping package was perfect. The shipping was fast and it arrived in a timely manner. Great product."
Kindle_Store_5,5.0,1,great book cannot wait for more. The characters are well developed and the story is well told.
Clothing_Shoes_and_Jewelry_5,3.0,0,Purchased as a gift for a baby shower. The parents loved them. They are super cute and seems comfy for the baby.
Books_5,5.0,0,"Another great read by Ms. Steel.  From start to finish, she kept me intrigued."
Kindle_Store_5,5.0,1,"Well, I think I am going to be reading more of this series.

The first one is a short but very enjoyable read, and the second is a great continuation of the series.

The characters are well developed, and the story line is very well developed.

I received a free copy of this book from the publisher in exchange for an honest review.I love this series. It has all the elements I love to read about. I loved the main characters. The story line is great. The characters are great. I loved reading this book. I just couldn't put it down. It is definitely a must read.I read this book in one sitting and was hooked from the first page. I loved the characters and the story line. I love how it all started. I wish there were more of the same story line. I would recommend this book to anyone.I really enjoyed this book.  It was a quick read.  I liked that the author didn't just draw me in.  I was intrigued.  I liked how it was written.  I really enjoyed this book.  I will be reading more by this author.  I look forward to reading more of her books.I'm not a big fan of these type of books but I loved this one.  I was glad to see it ended.  I enjoyed the book and look forward to reading more from this author.This is a very good story. I would love to see this series continue. I can't wait for the next one.  I have read all of the other books in this series but"
Pet_Supplies_5,5.0,1,Durable and fun. Recommend for anyone with a dog who is sensitive to anything that smells.
Sports_and_Outdoors_5,5.0,1,"Had everything i need to go on the market and try this one.

The only downside is"
Clothing_Shoes_and_Jewelry_5,4.0,0,"love the color and style of these shoes, I just wish I could wear them longer but I find my feet hurt from the lack of support  after wearing them for a little while (I find the same with all of the chuck taylor styles, sadly!). These are bright and fun and fit well - I am a size 41 and bought the size 10 and it fit right, normally I am a US 11 but the 10 worked for this style."
Pet_Supplies_5,5.0,0,Very durable and cute minty snowball for my power chewer labs.
Kindle_Store_5,5.0,0,"Fortunately the relationship with my wife has been great so far, but I am sure all the things I have learned in this little book will help me if some marriage problems arise. The book might be short, but to me, every paragraph contains valuable info. I totally agreed with the 5 phases of the relationship and I think I learned a lot about the human Psychology regarding attraction and the search for a life partner. This guide would have helped me a lot in high school days. :)

Overall I recommend downloading this book. I think the author has done a good job."
Home_and_Kitchen_5,4.0,1,"Havent used yet but looks nice. The only problem is that it's not really a vacuum, but a pair of the same size, which is not the case with this model."
Clothing_Shoes_and_Jewelry_5,4.0,0,The only issue I have with these socks is that they slip off a lot otherwise they're comfy and do the job if you're wearing boat shoes.
Books_5,5.0,1,"Always has funny parts for a laugh, and the ending is a nice twist on the whole. Great story."
Toys_and_Games_5,5.0,0,Bought one of these for each of my grandsons.  They love it and all have spent a good deal of time making cool circuits with this.
Books_5,4.0,0,"Am late to this party, nabbing my copy at a recently constructed neighborhood ""sharing library"" (An ornate little hut my neighbor recently installed for leave-a-book/take-a-book exchanges.) Years ago I was a regular reader of Dave Barry's syndicated column and gradually wearied of its seeming predictability. The novel format seems to have liberated his inner zaniness to good effect. The featured character, a dog, never fails to draw the kind of out-loud guffaws that make people look at you strangely if you're reading in a public place. The characters are dead-on caricatures of their South Florida counterparts, and Barry even manages, at the end of an entirely wacky plot, to create a page-turner tension as the ... oops, not going to drop a spoiler here. Great fun."
Clothing_Shoes_and_Jewelry_5,5.0,1,"This is the second pair of these I bought and they fit perfectly.  They are warm and the color is bright.  I am a 32D, and these are a little large but they are comfortable and fit well.  I will be buying another pair for my niece.I love these shoes."
Clothing_Shoes_and_Jewelry_5,3.0,1,"Somewhat disappointed with these. They are a little wide, but I will keep them. I am 5'6"" and the dress fit perfectly. The fabric is a nice stretchy material that doesn't look like it will shrink in the wash. I was worried that the dress would be too small. I love the color and the fit. It is a little dressy but I like the look of it. I am 5'6"" and the dress is flattering."
Electronics_5,2.0,1,i was a huge creative decision. The design and sound is fantastic. The only reason I gave it 4 stars is that the front of the speaker is slightly too tall to hold it up properly. The only way to get it to stay on is
Pet_Supplies_5,1.0,1,"I lost my trusty little dog. The only reason I gave it 4 stars is because I just can't get the harness to fit him. He is a very tall dog, and it's difficult to get him to be comfortable in it. He's going to be a very short dog, and it's difficult to get him to sit in the harness and not pull out of it. I wish I could have gotten him to wear it more.I love this brand of cat food.  I have tried other brands before, but this one is the best for my cat.  She loves it.  I have a small dog and he"
Movies_and_TV_5,4.0,0,"Good story--but too much violence...I wish the story was exaclty the same, but instead of violence, more of a battle of wits--e.g. more cloak, less dagger.  Still, a good yarn and Kingsely did a wonderful job as the ailing billionaire."
Pet_Supplies_5,5.0,1,My dog just loves these.  She is an aggressive chewer and will play with the treats and chase them
Books_5,5.0,1,Near Perfect condition.  Very happy with the purchase.Very good book.  I would recommend it.I read this book in the middle of
Pet_Supplies_5,4.0,1,My fussy little maltese loves this toy and she has no interest in anything that is too hard for her.
Toys_and_Games_5,5.0,1,Absolutely the best toy so far. The pieces are sturdy and the quality is great.Very nice.I bought this for my son for Christmas and he absolutely loves it. The only thing that
Toys_and_Games_5,3.0,1,"This plane is super cute, and has the pieces to make it a lot more interactive. It has a lot of extra parts to make it a bit more fun. It's a very large plane, and it's very easy to operate. The size is perfect for little hands. The wings are great, too"
Clothing_Shoes_and_Jewelry_5,5.0,1,"Pants are long, but that's what I wanted.  I'm a 34D, and I ordered a 34B.  The 34D fits perfect, the waist"
Clothing_Shoes_and_Jewelry_5,5.0,0,"Good fit and comfortable, I guess the ""all day pant"" title is well earned. Already bought another pair now that I know that they fit well."
Tools_and_Home_Improvement_5,4.0,1,The lights were fairly easy to install and the materials are good.  The light is bright and the light output is very bright.  I also like the fact that the light output is adjustable.  I have been using this in a multi-room house with 4 bedrooms.  The light output is about 8 watts.  I also like the fact that it is a single color.  I just installed it with the wire stripper and it works great.  I would recommend this light for any home or work where the color temperature is desired.  I would also recommend this light for a small work area where it is useful for some decorative purposes.  I have bought a lot of different types of lights and this one does the job perfectly.  I have a large cabinet with a variety of LED's and this one is very useful for any of those areas.
Toys_and_Games_5,4.0,1,"This is a small nerf gun. The only reason I gave it 4 stars is because I just can't get the gun to shoot, but that is okay. It does take a little getting used to, and the gun is designed to shoot a few bullets with a little practice. The gun is a bit smaller than I expected it to be, but the gun is a solid enough gun that I wouldn't buy it again."
Toys_and_Games_5,5.0,1,My husband and I love this set and the materials are good. My son loves this one. I bought this for my son for Christmas and he absolutely loves it.
Clothing_Shoes_and_Jewelry_5,5.0,0,"THIS DRESS IS PERFECT. NO NEED TO ORDER A SIZE UP, ITS STRETCHY. I HAD IT SHORTENED JUST A LITTLE."
Tools_and_Home_Improvement_5,5.0,0,"Ordered it from Amazon on Nov. 15 and it arrived promptly on Nov. 20 in a nice box with the item in excellent condition!  I've owned the Makita BO5010 (non-variable) for several years and I love it.  The fit and finish on the BO5012 is just as nice and it feels much lighter and better balanced than my new variable Porter Cable (which I'm going to sell to a friend ASAP).  I was undecided between this unit and the highly rated Bosch variable, but after lifting the Bosch up, I felt it was also too bulky for me.  Overal an excellent choice for me, sands extremely smooth and picks up most of the dust without the vacuum attached."
Pet_Supplies_5,1.0,0,My cat did not play with it at all.
Pet_Supplies_5,5.0,1,"I had already purchased ""The Way Out"" and it was a nice, interactive, and pretty.

I had a friend who was a dog trainer and wanted to take her on a walk and had her harness in the trunk of the car. This was an excellent choice. The first time I put it on, the dog stopped barking and started running. I think this has helped. I just put it on and it seems to be working. I have a 60lb lab mix and it is very light weight. I would definitely recommend it to anyone who has a dog with a big head or neck and wants to work on their head.

I have a 14lb lab mix and I like this harness to allow her to walk with ease. It is a bit awkward to put on, but it is sturdy enough to allow her to stretch out while walking. I would definitely recommend this to anyone who has a dog with a very large head or neck.

"
Home_and_Kitchen_5,5.0,0,"I bought to use as a smaller decorative piece for my cocktail table and I couldn't be more pleased with the item. The balls are brown, gold and cream which look just lovely on the wooden tray. Looks far more expensive than what I paid for it."
Toys_and_Games_5,4.0,0,"It is a good toy, decent quality. It is pretty durable and not shedding like other toys my daughter has. Though, I think, it is too expensive for what it is."
Home_and_Kitchen_5,1.0,1,"the first time I took it out, the wooden part was broken. The rest of the time, it was the best I've ever had."
Toys_and_Games_5,5.0,0,"Great for Marvel Universe 3-3/4"" figures.  Clear plastic gives the illusion that they're standing on their own.  Only complaint is for the price and for plastic they should give you twice as much!"
Movies_and_TV_5,5.0,0,"This movie to me was and is amazing. I saw it (rented it) and then bought it so I could watch it over several times. I read a negative review of it (by a professional critic I think) who said the first part was good, well made, but the 2nd part was not. This person missed the whole point.  First she gave the twist in the story so anyone reading the critique would not have this surprise and then she missed a lot of the undertones in the 2nd part. For instance she said ""he meets a young girl who happens to be a butoh dancer and that happens to be what his wife wanted to be"". That says it all, how the person misunderstood the whole story.  In fact the person goes to Japan to find the answer to the death  he cannot accept and in the first part we see his wife at a butoh performance in Berlin, the two parts of the movie tie in exactly. Also there is a clear analysis or how people view and deal with death in the east and the west. The young girl (the butoh dancer in Tokyo) has lost her mother and there is a poignant scene where she compares her mother to a duck (!! up and down, up and down) and gives a very sharp clue as to her mother's death. Also she has been rendered homeless from this death, her situation is quite desperate but in fact she deals with death so much better than our character who is trying to understand his loss from a western point of view.  This movie was a seminal event for me, maybe because I have had some losses in my family and am a dancer but it provoked a terrific surge of creativity , This movie also made me very happy in many ways..and it's beautiful. Just beautiful."
Home_and_Kitchen_5,5.0,1,"great price, does the job, has the right height and is easy to clean. I would recommend.I bought this for a friend, she loves it!I bought this for my daughter's room.  It is a good size for her size.  I use it to hold her clothes and a lot of things"
Movies_and_TV_5,5.0,1,Must have for any Hanna-Barbera fan. I saw it for the first time last night.
Electronics_5,5.0,0,"I've had many screen protectors for my various MP3 players and cell phones which gives me lots of basis for comparison.  I feel that this 3M protector is as good as any I've tried, it fits the iPad well.  I personally received two of them, which is good because it usually takes me two tries to get a protector on there perfectly.  The instructions were very specific and clear -- better than other products I've tried.  Overall, I recommend this for use with your iPad!"
Books_5,3.0,1,"""Twilight at the World of Darkness,"" by Anna Kinsella

by Anna Kinsella

by Anna Kinsella

by Anna Kinsella

by Anna Kinsella

by Anna Kinsella

by Anna Kinsella

by Anna Kinsella

by Anna Kinsella

by Anna Kinsella

by Anna Kinsella

by Anna Kinsella

by Anna Kinsella

by Anna Kinsella

by Anna Kinsella

by Anna Kinsella

by Anna Kinsella

by Anna Kinsella

by Anna Kinsella

by Anna Kinsella

by Anna Kinsell"
Home_and_Kitchen_5,5.0,0,"<div id=""video-block-RCLJDSSDKWYNA"" class=""a-section a-spacing-small a-spacing-top-mini video-block""></div><input type=""hidden"" name="""" value=""https://images-na.ssl-images-amazon.com/images/I/B1PIAjQWaWS.mp4"" class=""video-url""><input type=""hidden"" name="""" value=""https://images-na.ssl-images-amazon.com/images/I/61pYjZeUHjS.png"" class=""video-slate-img-url"">&nbsp;This space-saving stand is perfect for storing capsules and giving your&nbsp;<a data-hook=""product-link-linked"" class=""a-link-normal"" href=""/Nespresso-D50-US-OR-NE-Espresso-Maker-Pure-Orange/dp/B008U8Z0J0/ref=cm_cr_arp_d_rvw_txt?ie=UTF8"">Nespresso D50-US-OR-NE Espresso Maker, Pure Orange</a>&nbsp;a 'lift'. You can see more of the stand n my review of the above mentioned unit.

It looks great, as a matter of fact, it looks like it's actually PART of the Nespresso machine. The drawer slides out with ease. Very happy with this purchase, and I think you will be as well."
Toys_and_Games_5,5.0,0,My daughter loves these so much we have bought them twice.
Pet_Supplies_5,5.0,0,"The only puppy food we will buy from here on out! Our Australian shepherd puppy has a  beautiful coat! She loves her food, and it seems to digest extremely well. No issues at all!"
Sports_and_Outdoors_5,4.0,0,"These glasses are fantastic! I read some of the reviews and was a little nervous about buying them, but I can honestly say they work great in the Florida sun! I am able to comfortably drive into the rising sun on my way to work, while everyone else has their visors down."
Movies_and_TV_5,5.0,0,"I've seen this movie when it first came out, few years ago ! I loved it ever since.such a perfect movie and music !!! Such an inspiring story !"
Clothing_Shoes_and_Jewelry_5,5.0,0,"The only shoes I can wear comfortably for the last 5 years!! They do wear quickly, but then again I do everything in them, so that may be more my fault. I get the wide size and there is room for my toes, with nothing rubbing on them."
Toys_and_Games_5,5.0,1,Interesting game.  It offers a variety of options to expand your collection.  The level design is very simple and intuitive.  The game takes about 45
Books_5,5.0,1,A very good read about a real family with a history of its own making. I would recommend this
Toys_and_Games_5,5.0,0,Fun for the kids and even Myself when we do a group structure.
Books_5,1.0,0,I read every thing he writes  one of my favorites.
Kindle_Store_5,5.0,0,BY THE END OF THIS BOOK MY JAW HIT THE FLOOR AND I WAS SO EXCITED TO GO READ THE NEXT BOOK IN THE SERIES
Pet_Supplies_5,5.0,0,Really helps at keeping away bacterial bloom and helps to keep the water clean.
Books_5,5.0,0,This book can't be put down until the end!!!  I loved every minute of it.  I would highly recommend it!
Home_and_Kitchen_5,5.0,0,What a great vacuum. I read the review first and you all were right. I thought my old vacuum was great but I did a pass with that then I did a pass with the Hoover and was grossed out!!! I could not believe all the additional cat/dog hair that it pulled out of the carpet. My back is not so great but this is easy to handle. This is my first bagless system and I really thought I would hate it but it empties out very easy & goes right back on the system with no problem. I only wish the hose was a bit more flexible but I believe over time it will become more stretchable.
Kindle_Store_5,3.0,1,"Late last night I read this book and thought it was good.  I really enjoyed this book.  I am very happy I got to read the other books in this series.I enjoyed this book.  It was good, but it had some issues with the story.  The first one was a bit predictable, the second one was a bit more interesting.  I really liked the first book in the series and I can't wait to see what happens next.This book was sweet and romantic.  It's not a bad story, but it just wasn't for me.  I loved it and would recommend this book to others.I read this book in one sitting and was hooked from the first page. I enjoyed the story and the characters. It was a good read and I was looking forward to reading the next book in the series.I was given this book for an honest review.  I was hoping for more of this story but it was a little too short.  I didn't really like the idea of the book but it was a good book and would be a good read.I'm very pleased to say I've read all three books in this series.  I have loved every book they have had.  They are so full of life and love and emotion.  I really enjoyed the characters and"
Kindle_Store_5,4.0,1,"If you like westerns, you'll enjoy this book. It is a quick read that will keep you wanting to read more."
Pet_Supplies_5,4.0,1,"I love this item but it has been a long time since I have purchased a cage. It is so small that it is a bit difficult to put together, so it is not easy to put together in the house. I will be buying another one for my two cats. I have 2 cats and I will keep them in the house and on the couch so they don't get lost in the house. I am not sure if it will last long, but I have not had any problems with the cage. I am very happy with this purchase. I highly recommend this cage. I have used it for a couple of years now and it is very sturdy. The cage is a bit small for my 18 lb. Yorkie and I had to go in with my other cat. I have used this cage for a few months now and it has held up well."
Clothing_Shoes_and_Jewelry_5,5.0,0,These are the most stylish dress socks I own.
Home_and_Kitchen_5,3.0,1,"Pro it seems comfortable. Cons; first, it doesn't feel comfortable. Second, the handle has a slight clunk. Third, the lid is a bit too short. The lid is still very comfortable. I can't imagine how this could be improved. I'm not a fan of the sticky feel of plastic and it is a little uncomfortable. So I will probably not buy this product again. However, I would not have given it five stars if it were not for the fact that the handle is a little short."
Home_and_Kitchen_5,5.0,1,"Nice, durable, simple tea/dish towels. The only problem is that it's kind of hard to put the bottom on top."
Pet_Supplies_5,4.0,1,"This is great stuff.  We have 3 dogs and they all love it!  I have one lab and two small dogs and I am using this product as a ""good"" treat for them.  I have been using this product"
Toys_and_Games_5,1.0,1,"My 11 year old son loves it and the materials are good. He loves the way he can spin it. The plastic parts are also sturdy, and the holes are very large. The blades are very durable, and the pieces can be easily bent to fit. The wings are a bit smaller than I expected, but I think they will hold up to rough play. I would definitely buy these again. I'm sure they will last a long time. Overall, a great toy for a little girl."
Toys_and_Games_5,5.0,0,"Arrived as scheduled and store condition quality. Great price for what you get, inclusion of three chompies and missle launchers on the copter make for an amazing set for skylanders giants or general skylander fans"
Books_5,5.0,1,"It's one of the most beautiful things I've ever read. And, I'm just glad I read it. It's a must read for anyone who loves to read. I enjoyed this book."
Movies_and_TV_5,2.0,1,Basically silly movie which tries to be funny. Not too many people make it funny.
Pet_Supplies_5,4.0,1,"Pros:
-Nice fleece, it is not thick or too thick, it is a nice amount of fleece and doesn't clump. -Good quality and is easy to clean. -I like that it is made of a good quality material. -I like that it has a lot of pockets. -The fabric is soft and absorbent. -I like that it is made of a great quality material. -I like that it is easy to clean. -I like that it is very easy to change. -The fabric is very well made. -The mesh is very well made. -I like that it has a reflective tape. -The cover is very well made. -I like that the color is a bit brighter than the picture. -The stitching is very good. -The zipper is very well made. -The clasp is very well made. -The cover is very well made. -The fabric is very well made. -The zipper is very well made. -The stitching is very well made. -I like that the cover is very well made. -I like that the fabric is soft and absorbent. -I like that the cover is easy to change. -The zipper is very well made. -The cover is easy to change."
Toys_and_Games_5,5.0,1,i love fnaf so i know it will be a hit for him.he loves this! he
Pet_Supplies_5,4.0,0,"Out Lab mix loves chasing these.  We use the ""Chuck It"" launcher and throw the balls pretty far! These are durable and fly well!"
Kindle_Store_5,5.0,1,"Love, love, loved this book.  I couldn't put it down.  This is the first book I've read by this author.  I can't wait to read more of her work."
Pet_Supplies_5,4.0,0,Looks like it will work! This is the best price I've found.  Hoping our pup learns to love it.  In way better condition that the one we purchased at P###m##t (which had some bent sections and costs more).
Clothing_Shoes_and_Jewelry_5,5.0,1,I am pleasantly surprised with this set.  It is a little snug around my hips but not too tight.  I wear a 7.5 and the 7.5 fits me fine.  The material is soft and the size is perfect.  I love the way it looks.  I am looking forward to wearing it for a long time.  It is a great dress.  I will definitely buy another one.  I am very pleased with this purchase.I love these socks! They are so comfy and they are very comfortable! They fit true to size!I'm a huge
